HOLE_LOMOND_1_DESC,The right side is wide; aim the tee shot at the sloping area in the centre of the two-tiered fairway. The landing spot of the second shot is crucial.,ティーショットは右側が広く、二段のフェアウェイセンターの傾斜部が狙い目です。2打目の落とし所が重要。
HOLE_LOMOND_2_DESC,A nearly straight hole. The fairway is tight on both sides — play the tee shot carefully. The area behind the green is also tight, so beware.,ほぼストレートなホール。左右が狭いのでティーショットは慎重に。グリーン奥は狭いので注意。
HOLE_LOMOND_3_DESC,A short par-4. Both sides of the fairway are tight, so a reliable tee shot is essential. Watch the area behind the green, which also narrows.,距離の短いミドルホール。左右ともに狭いので確実なティーショットが必要とされるホール。グリーン奥も狭いので注意。
HOLE_LOMOND_4_DESC,The shortest par-3 on the course. The green slopes from right to left, so attacking from the right side is best. Missing into the slope below the green's left edge spells trouble.,最も短いショートホール。グリーン右から傾斜の為、右サイドから攻めるのがベスト。グリーン左斜面下に落ちると苦戦します。
HOLE_LOMOND_5_DESC,A long par-4. Aim the tee shot at the left hillside. The fairway is wide — swing freely. From the approach, beware the pond left of the green.,距離の長いミドルホール。ティーショットは左山側狙い。フェアウェイは広いので思い切って飛ばして下さい。セカンドからはグリーン左側の池に注意。
HOLE_LOMOND_6_DESC,A par-3 over water. Don't force it — aim for the centre of the green. The pond is a lateral water hazard.,池越えのショートホール。無理をせずグリーン中央狙いです。池はラテラルウォーターハザード。
HOLE_LOMOND_7_DESC,The signature valley-carry hole. With the valley waiting ahead, longer hitters should choose their club carefully. The green is split into two tiers left and right — landing on the same level as the pin is the key.,名物谷越えホール。前方に谷がある為、距離の出る人はクラブ選択を慎重に。グリーンも左右で二段になっている為、ピン位置と同じ面に乗せるのがカギ。
HOLE_LOMOND_8_DESC,A par-5 dogleg right. Aim the tee shot just left of fairway centre. The fairway narrows on both sides from the second shot on, so playing it safe is wise. Long hitters can reach the green in two.,右ドッグレッグのロングホール。ティーショットはフェアウェイセンターやや左狙い。セカンド以降は左右が狭いので手堅くきざむのが無難。距離の出る人はオン可能なホール。
HOLE_LOMOND_9_DESC,A par-4 with a wide fairway. The approach plays uphill, so choose your club carefully.,フェアウェイの広いミドルホール。セカンドショットから打ち上げとなるのでクラブ選択を慎重に。
HOLE_LOMOND_10_DESC,A par-4 dogleg left. Aim the tee shot at the left hillside. The approach plays downhill — judge the distance and club choice carefully.,左ドッグレッグのミドルホール。ティーショットは左山側狙い。セカンドからは打ち下ろしとなるので距離感とクラブ選択は慎重に。
HOLE_LOMOND_11_DESC,A downhill par-3. Both sides of the green and the area behind it are tight — attacking from short of the green is the play.,打ち下ろしのショートホール。左右とグリーン奥が狭く、手前から攻めて行くのがポイント。
HOLE_LOMOND_12_DESC,An uphill par-4. The tee shot from the front tee isn't difficult, but the approach plays uphill — choose your club carefully.,打ち上げのミドルホール。フロントティからのティーショットは難しくないが、セカンドから打ち上げとなっているのでクラブ選択は慎重に。
HOLE_LOMOND_13_DESC,A par-5 dogleg left. The entire left side is OB, so aim the tee shot at the centre. A pond guards the left of the green, so play the second shot safely down the centre and decide the hole on your third.,左ドッグレッグのロングホール。左は全てOBとなっている為、ティーショットはセンター狙いで行くと良い。セカンドからはグリーン左が池になっている為、セカンドもセンター狙いに確実にきざんで3打目勝負。
HOLE_LOMOND_14_DESC,A downhill par-4. The valley sits left and a pond sits right, so aim at the right side of the two-tiered fairway. Take one extra club for the approach.,打ち下ろしのミドルホール。左が谷、右は池になっている為、二段フェアウェイの右狙い。セカンドは1クラブ大きいクラブ選択を。
HOLE_LOMOND_15_DESC,An uphill par-3. The green is hidden from the tee, making distance tough to judge. Aiming at the left side works well. Beware the large bunker fronting the green.,打ち上げのショートホール。グリーン面が見えない為、距離感が難しい。左サイド狙いで行くと良い。手前の大きなバンカーは要注意。
HOLE_LOMOND_16_DESC,A short par-4. Both sides of the fairway are tight, so a reliable tee shot is essential. The area behind the green is also tight, so beware.,距離の短いミドルホール。左右ともに狭いので確実なティーショットが必要とされる。グリーン奥も狭いので注意。
HOLE_LOMOND_17_DESC,Beware the pond right of the tee shot landing area. Aiming just left of centre works well. The approach plays uphill, so choose your club carefully.,ティーショットは右に池があるので注意。センターより左狙いで行くと良い。セカンドからは打ち上げになっている為、クラブ選択を慎重に。
HOLE_LOMOND_18_DESC,A par-5 dogleg right. Aim the tee shot just left of fairway centre. Before your second shot, check the position of the group ahead to avoid hitting into them. With a pond on the right, aiming a touch left is the play.,右ドッグレッグのロングホール。ティーショットはセンター左狙い。セカンドショットの際、前の組の位置を確認し、打ち込みの無いよう注意して下さい。右サイドに池がある為、左目狙いが良い。
