BALL_INFO_PAR_PERFECT,"PAR PERFECT builds the metronome of golf balls—predictable above everything else. A steady bounce and a little wind resistance, but it checks up short and won't spin much for you either.",PAR PERFECTはメトロノームのような安定性を追求するブランド。跳ね方は読みやすく風にも少し強いが、ランは短めでスピンも控えめ。
BALL_INFO_FYLOE_SOFT,"FYLOE's Soft line is all about feel—a soft cover that grabs the face and spins hard. It checks up fast on the green, but you give away distance and a little liveliness off the bounce to get it.",FYLOEのSoftシリーズはフィーリング重視。柔らかいカバーがフェースに食いつき、強烈なスピンを生む。グリーンでは素早く止まるが、飛距離と跳ねの勢いは犠牲になる。
BALL_INFO_ACE_ATTIRE,"ACE ATTIRE is a fashion house first and a ball maker second—this one is all swagger. Long and lively with plenty of run-out, but it gets shoved around in the wind and barely spins at all.",ACE ATTIREは本業がファッションブランドで、このボールも見た目通りの派手さ。よく飛びよく跳ねよく転がるが、風にはめっぽう弱く、スピンはほとんどかからない。
BALL_INFO_BIRDIE_V1,"BIRDIE's V1 is the entry-level distance ball found in every pro-shop basket. It goes a little farther and holds its line in a breeze, but there is almost no feel—don't expect it to check or shape.",BIRDIE V1はどのプロショップにも並ぶ入門用のディスタンスボール。少し飛び、そよ風程度なら直進性も保つが、フィーリングは皆無で、止めることも曲げることも苦手。
BALL_INFO_GOLFIN_MK2,"Golfin's MK2 is the house ball's distance evolution. More power, a livelier bounce and a touch more roll than the standard Golfin—paid for almost entirely in spin.",Golfin MK2は標準Golfinボールのディスタンス進化版。パワーと跳ねが増し、ランも少し伸びるが、その代償はほぼすべてスピンで支払っている。
BALL_INFO_GF,"G&F has been making tour balls since before most of these brands existed. Rock-solid off the bounce and unbothered by wind, with modest power; it settles where it lands rather than running out, and it isn't a big spinner.",G&Fは他のブランドが生まれる前からツアーボールを作り続けてきた老舗。跳ねは安定し風にも強く、パワーは控えめ。落ちた場所に収まるタイプで、スピンは多くない。
BALL_INFO_TIFTO,"TIFTO makes golf balls the way it makes tools—hard, functional, no frills. This one is lively off the bounce and runs a long way after landing, but it will not stop for anybody and has almost no spin.",TIFTOは工具を作るようにゴルフボールを作るブランド。硬く機能的で飾り気がない。跳ねは強くランも長いが、止まってはくれず、スピンもほとんどかからない。
BALL_INFO_FAIRLOFT,"FAIRLOFT's Japanese engineers chase a high, soft ball flight. It cuts through the wind, lands quietly and checks hard with plenty of spin—at the cost of a little power and a dead bounce.",日本のFAIRLOFTが追い求めるのは高くて柔らかい弾道。風を切り裂き、静かに着地して強いスピンでピタリと止まるが、パワーと跳ねの勢いは少し失われる。
BALL_INFO_FYLOE_AIM,FYLOE's Aim is a point-and-shoot ball: it holds its line through the wind better than almost anything at this price. The flip side is that it refuses to curve—spin is not on the menu.,FYLOE Aimは狙って打つだけのボール。この価格帯では随一の耐風性能で、狙った線を保つ。その裏返しとしてほとんど曲がらず、スピンは期待できない。
BALL_INFO_CLOVER_PRO,"CLOVER PRO is the pro-shop staple with the lucky four-leaf mark. Mildly better than the default at power, bounce, wind and roll, and mildly worse at the one thing that makes a ball talk: spin.",CLOVER PROは幸運の四つ葉マークでおなじみのプロショップ定番。パワー・跳ね・耐風・ランのすべてが標準をわずかに上回り、唯一スピンだけがはっきり劣る。
BALL_INFO_GOLFINIX,"GolfinIX is Golfin's boutique touch ball, built for scoring rather than showing off. It sits down where it lands and spins hard, with a little help in the wind; you give up the roll and a touch of bounce to get it.",GolfinIXはGolfinのブティックライン。飛ばすためではなく、スコアを作るためのボール。落ちた場所に座り込むほどのスピンと少しの耐風性を持つ代わりに、ランと跳ねの勢いを手放している。
BALL_INFO_KLYRO,KLYRO makes technical gear for people who read wind charts for fun. This is the controlled wind ball—it holds its line in a gale with a steady bounce and checks up slightly; the price is a little spin.,KLYROは風向図を読むのが趣味という人向けのテクニカルブランド。強風でも狙った線を保ち、跳ねも安定、ランは少し短め。その代わりスピンは少し犠牲になる。
BALL_INFO_ROYAL_SWING,"ROYAL SWING sells aggression, and this ball is the loudest thing in its catalogue. It hits hard, bounces lively and runs out after landing—but it will not shape a shot or stop on a green.",ROYAL SWINGが売るのは攻撃性で、このボールはそのカタログで最も騒がしい一品。強く飛び、よく跳ね、着地後も転がるが、球筋を曲げることもグリーンで止めることもできない。
BALL_INFO_FAIRWAY_THREADS,"Fairway THREADS is a lifestyle label that happens to make a very good ball. Long, lively and a little steadier in wind, with a touch more run—every stat but bite, because it barely spins.",Fairway THREADSはライフスタイル系ブランドだが、ボールの出来は本物。飛んで、跳ねて、風にもやや強く、ランも少し伸びる。足りないのは食いつきだけで、スピンはほとんどかからない。
BALL_INFO_MIREO,"MireO is the craftsman's brand, and this is its masterpiece spin ball. Maximum spin, a quiet landing and a bit of help in the wind—bought with distance, a softer bounce and a short roll.",MireOは職人のブランド。その最高傑作がこのスピンボールだ。最大スピンと静かな着地、少しの耐風性を、飛距離と跳ねの勢い、そして短いランと引き換えに手に入れている。
BALL_INFO_CIRQ,"CIRQ builds balls for showmen—explosive off the face and just as explosive off the bounce. It runs out hard, gets genuinely wild once the wind picks up, and offers little spin control.",CIRQはショーマンのためのボールを作る。フェースを離れた瞬間も跳ねた瞬間も爆発的で、ランも長い。ただし風が出ると本当に暴れ、スピンで抑えることも難しい。
BALL_INFO_SORALIS,"SORALIS is the eclipse brand, and this is the wind ball. It goes where you aimed no matter what the flag is doing, with a little extra power—but it cannot be shaped at all.",SORALISは日食をシンボルにしたブランド。そしてこれは風のためのボール。旗がどう揺れていようと狙った場所へ飛び、パワーも少し上乗せ。ただし球筋を曲げることはまったくできない。
BALL_INFO_SHIMMER_G,"Shimmer G is the trophy ball—an oil-slick finish that exists to be noticed. Long, lively, steady in wind and it keeps rolling; it does everything a ball can do except stop or curve.",Shimmer Gはトロフィーのようなボール。オイルスリックの輝きは見せびらかすためにある。飛んで、跳ねて、風に強く、よく転がる。止まることと曲がること以外、ボールにできることはすべてこなす。
