mode,hole,surface_target,target_v_horizontal_mps,target_spin_rpm,actual_v_at_contact_mps,first_contact_pos_x,first_contact_pos_y,first_contact_pos_z,end_pos_x,end_pos_y,end_pos_z,end_surface,roll_distance_m,bounce_count,sim_duration_s,sample_id,timestamp_iso
roll,1,Fairway,3.0,500,3.899,-279.1089,8.8448,-133.7730,-278.4074,8.7701,-133.7730,Fairway,0.7015,4,2.0838,1,2026-05-18T10:33:11.1602850+02:00
roll,1,Fairway,3.0,500,3.899,-279.1089,8.8448,-133.7730,-278.4074,8.7701,-133.7730,Fairway,0.7015,4,2.0838,2,2026-05-18T10:33:11.4764610+02:00
roll,1,Fairway,3.0,2700,3.899,-279.1089,8.8448,-133.7730,-278.4074,8.7701,-133.7730,Fairway,0.7015,4,2.0838,1,2026-05-18T10:33:11.8051050+02:00
roll,1,Fairway,3.0,2700,3.899,-279.1089,8.8448,-133.7730,-278.4074,8.7701,-133.7730,Fairway,0.7015,4,2.0838,2,2026-05-18T10:33:12.1302740+02:00
roll,1,Fairway,6.0,500,7.578,-275.3350,8.3229,-133.7769,-273.0765,8.0414,-133.7745,Fairway,2.2585,5,2.4309,1,2026-05-18T10:33:12.4567230+02:00
roll,1,Fairway,6.0,500,7.578,-275.3350,8.3229,-133.7769,-273.0765,8.0414,-133.7745,Fairway,2.2585,5,2.4309,2,2026-05-18T10:33:12.7814390+02:00
roll,1,Fairway,6.0,2700,7.578,-275.3348,8.3229,-133.7730,-273.0764,8.0414,-133.7730,Fairway,2.2585,5,2.4310,1,2026-05-18T10:33:13.1186050+02:00
roll,1,Fairway,6.0,2700,7.578,-275.3348,8.3229,-133.7730,-273.0764,8.0414,-133.7730,Fairway,2.2585,5,2.4310,2,2026-05-18T10:33:13.4727140+02:00
roll,1,Fairway,9.0,500,10.852,-269.4651,7.5510,-133.7878,-264.8185,7.0234,-133.7756,Fairway,4.6467,5,5.0425,1,2026-05-18T10:33:13.7875650+02:00
roll,1,Fairway,9.0,500,10.852,-269.4651,7.5510,-133.7878,-264.8185,7.0234,-133.7756,Fairway,4.6467,5,5.0425,2,2026-05-18T10:33:14.1282510+02:00
roll,1,Fairway,9.0,2700,10.852,-269.4645,7.5510,-133.7730,-264.8179,7.0234,-133.7730,Fairway,4.6467,5,5.0426,1,2026-05-18T10:33:14.5127820+02:00
roll,1,Fairway,9.0,2700,10.852,-269.4645,7.5510,-133.7730,-264.8179,7.0234,-133.7730,Fairway,4.6467,5,5.0426,2,2026-05-18T10:33:14.8517060+02:00
roll,1,Fairway,12.0,500,13.624,-262.0539,6.7091,-133.8100,-255.0426,6.1016,-133.7788,Fairway,7.0114,5,6.8130,1,2026-05-18T10:33:15.2014170+02:00
roll,1,Fairway,12.0,500,13.624,-262.0539,6.7091,-133.8100,-255.0426,6.1016,-133.7788,Fairway,7.0114,5,6.8130,2,2026-05-18T10:33:15.5273500+02:00
roll,1,Fairway,12.0,2700,13.624,-262.0535,6.7091,-133.8366,-255.0421,6.1016,-133.7988,Fairway,7.0115,5,6.8131,1,2026-05-18T10:33:15.8583170+02:00
roll,1,Fairway,12.0,2700,13.624,-262.0535,6.7091,-133.8366,-255.0421,6.1016,-133.7988,Fairway,7.0115,5,6.8131,2,2026-05-18T10:33:16.2011050+02:00
roll,1,Fairway,15.0,500,15.947,-253.5407,5.9595,-133.8491,-244.7816,5.3742,-133.7934,Fairway,8.7593,6,4.8063,1,2026-05-18T10:33:16.5379520+02:00
roll,1,Fairway,15.0,500,15.947,-253.5407,5.9595,-133.8491,-244.7816,5.3742,-133.7934,Fairway,8.7593,6,4.8063,2,2026-05-18T10:33:16.8699680+02:00
roll,1,Fairway,15.0,2700,15.947,-253.5556,5.9633,-134.0165,-244.7935,5.3747,-133.8954,Fairway,8.7629,6,4.8066,1,2026-05-18T10:33:17.2211530+02:00
roll,1,Fairway,15.0,2700,15.947,-253.5556,5.9633,-134.0165,-244.7935,5.3747,-133.8954,Fairway,8.7629,6,4.8066,2,2026-05-18T10:33:17.5450770+02:00
roll,1,Fairway,20.0,500,19.500,-236.1904,4.8316,-133.9574,-223.7290,4.2091,-133.8603,Fairway,12.4618,6,5.9783,1,2026-05-18T10:33:17.8919850+02:00
roll,1,Fairway,20.0,500,19.500,-236.1904,4.8316,-133.9574,-223.7290,4.2091,-133.8603,Fairway,12.4618,6,5.9783,2,2026-05-18T10:33:18.2514180+02:00
roll,1,Fairway,20.0,2700,19.505,-236.2694,4.8392,-134.4060,-223.8011,4.2126,-134.0861,Fairway,12.4725,6,5.9735,1,2026-05-18T10:33:18.5714500+02:00
roll,1,Fairway,20.0,2700,19.505,-236.2694,4.8392,-134.4060,-223.8011,4.2126,-134.0861,Fairway,12.4725,6,5.9735,2,2026-05-18T10:33:18.9028180+02:00
roll,1,Fairway,25.0,500,23.335,-214.7861,3.7906,-134.1511,-197.7540,3.1555,-133.9974,Fairway,17.0328,6,7.6732,1,2026-05-18T10:33:19.2418440+02:00
roll,1,Fairway,25.0,500,23.335,-214.7861,3.7906,-134.1511,-197.7540,3.1555,-133.9974,Fairway,17.0328,6,7.6732,2,2026-05-18T10:33:19.5769170+02:00
roll,1,Fairway,25.0,2700,23.358,-214.9868,3.7987,-135.0970,-197.9279,3.1612,-134.5881,Fairway,17.0665,6,7.6715,1,2026-05-18T10:33:19.9060670+02:00
roll,1,Fairway,25.0,2700,23.358,-214.9868,3.7987,-135.0970,-197.9279,3.1612,-134.5881,Fairway,17.0665,6,7.6715,2,2026-05-18T10:33:20.2413150+02:00
roll,1,Green,3.0,500,3.256,-237.4769,10.2377,-75.7730,-236.3992,10.2322,-75.8081,Green,1.0783,2,10.0167,1,2026-05-18T10:33:20.6119000+02:00
roll,1,Green,3.0,500,3.256,-237.4769,10.2377,-75.7730,-236.3992,10.2322,-75.8081,Green,1.0783,2,10.0167,2,2026-05-18T10:33:20.9380410+02:00
roll,1,Green,3.0,2700,3.256,-237.4769,10.2377,-75.7730,-236.3992,10.2332,-75.7730,Green,1.0778,2,10.0167,1,2026-05-18T10:33:21.2812980+02:00
roll,1,Green,3.0,2700,3.256,-237.4769,10.2377,-75.7730,-236.3992,10.2332,-75.7730,Green,1.0778,2,10.0167,2,2026-05-18T10:33:21.6370090+02:00
roll,1,Green,6.0,500,6.719,-234.2573,10.1590,-75.7776,-233.4593,10.1605,-75.7928,Green,0.7981,3,5.3279,1,2026-05-18T10:33:21.9664310+02:00
roll,1,Green,6.0,500,6.719,-234.2573,10.1590,-75.7776,-233.4593,10.1605,-75.7928,Green,0.7981,3,5.3279,2,2026-05-18T10:33:22.3013010+02:00
roll,1,Green,6.0,2700,6.719,-234.2574,10.1591,-75.7730,-233.4594,10.1611,-75.7730,Green,0.7980,3,5.3278,1,2026-05-18T10:33:22.6414390+02:00
roll,1,Green,6.0,2700,6.719,-234.2574,10.1591,-75.7730,-233.4594,10.1611,-75.7730,Green,0.7980,3,5.3278,2,2026-05-18T10:33:22.9767670+02:00
roll,1,Green,9.0,500,9.797,-229.1819,10.0264,-75.7910,-227.4936,9.9991,-75.7910,Green,1.6883,3,8.4813,1,2026-05-18T10:33:23.3129750+02:00
roll,1,Green,9.0,500,9.797,-229.1819,10.0264,-75.7910,-227.4936,9.9991,-75.7910,Green,1.6883,3,8.4813,2,2026-05-18T10:33:23.6687060+02:00
roll,1,Green,9.0,2700,9.796,-229.1822,10.0270,-75.7730,-227.4941,9.9997,-75.7730,Green,1.6881,3,8.4812,1,2026-05-18T10:33:24.0050990+02:00
roll,1,Green,9.0,2700,9.796,-229.1822,10.0270,-75.7730,-227.4941,9.9997,-75.7730,Green,1.6881,3,8.4812,2,2026-05-18T10:33:24.3324070+02:00
roll,1,Green,12.0,500,12.520,-222.4883,9.8074,-75.8170,-220.5481,9.7538,-75.8170,Green,1.9403,4,2.5592,1,2026-05-18T10:33:24.6608480+02:00
roll,1,Green,12.0,500,12.520,-222.4883,9.8074,-75.8170,-220.5481,9.7538,-75.8170,Green,1.9403,4,2.5592,2,2026-05-18T10:33:24.9870410+02:00
roll,1,Green,12.0,2700,12.520,-222.4867,9.8066,-75.8405,-220.5460,9.7527,-75.8431,Green,1.9407,4,2.5598,1,2026-05-18T10:33:25.3247340+02:00
roll,1,Green,12.0,2700,12.520,-222.4867,9.8066,-75.8405,-220.5460,9.7527,-75.8431,Green,1.9407,4,2.5598,2,2026-05-18T10:33:25.6546590+02:00
roll,1,Green,15.0,500,14.976,-214.2419,9.3616,-75.8595,-207.0380,8.9976,-75.8494,Sand,7.2039,3,3.9486,1,2026-05-18T10:33:25.9963740+02:00
roll,1,Green,15.0,500,14.976,-214.2419,9.3616,-75.8595,-207.0380,8.9976,-75.8494,Sand,7.2039,3,3.9486,2,2026-05-18T10:33:26.3378430+02:00
roll,1,Green,15.0,2700,14.980,-214.2465,9.3544,-76.0370,-206.8406,8.9786,-76.0268,Sand,7.4059,4,3.8437,1,2026-05-18T10:33:26.6698730+02:00
roll,1,Green,15.0,2700,14.980,-214.2465,9.3544,-76.0370,-206.8406,8.9786,-76.0268,Sand,7.4059,4,3.8437,2,2026-05-18T10:33:27.0129390+02:00
roll,1,Green,20.0,500,18.768,-196.8632,8.3313,-75.9734,-185.0037,7.5031,-75.9257,Fairway,11.8597,6,5.7810,1,2026-05-18T10:33:27.3589990+02:00
roll,1,Green,20.0,500,18.768,-196.8632,8.3313,-75.9734,-185.0037,7.5031,-75.9257,Fairway,11.8597,6,5.7810,2,2026-05-18T10:33:27.6915950+02:00
roll,1,Green,20.0,2700,18.785,-196.9006,8.3005,-76.4562,-185.0169,7.4661,-76.3059,Fairway,11.8846,6,5.7831,1,2026-05-18T10:33:28.0221140+02:00
roll,1,Green,20.0,2700,18.785,-196.9006,8.3005,-76.4562,-185.0169,7.4661,-76.3059,Fairway,11.8846,6,5.7831,2,2026-05-18T10:33:28.3671780+02:00
roll,1,Green,25.0,500,22.912,-174.6771,6.6332,-76.1661,-157.6207,5.4639,-76.0579,Fairway,17.0568,6,7.6591,1,2026-05-18T10:33:28.7053020+02:00
roll,1,Green,25.0,500,22.912,-174.6771,6.6332,-76.1661,-157.6207,5.4639,-76.0579,Fairway,17.0568,6,7.6591,2,2026-05-18T10:33:29.0589490+02:00
roll,1,Green,25.0,2700,22.967,-174.7412,6.5186,-77.1430,-157.6523,5.3818,-76.7660,Fairway,17.0930,6,7.6544,1,2026-05-18T10:33:29.4046020+02:00
roll,1,Green,25.0,2700,22.967,-174.7412,6.5186,-77.1430,-157.6523,5.3818,-76.7660,Fairway,17.0930,6,7.6544,2,2026-05-18T10:33:29.7630040+02:00
roll,1,Tee,3.0,500,8.546,130.5874,10.1624,26.2403,132.6503,10.1498,26.2773,Fairway,2.0632,5,3.0072,1,2026-05-18T10:33:30.1311750+02:00
roll,1,Tee,3.0,500,8.546,130.5874,10.1624,26.2403,132.6503,10.1498,26.2773,Fairway,2.0632,5,3.0072,2,2026-05-18T10:33:30.4975570+02:00
roll,1,Tee,3.0,2700,8.546,130.5874,10.1624,26.2270,132.6506,10.1492,26.2270,Fairway,2.0632,5,3.0079,1,2026-05-18T10:33:30.8413870+02:00
roll,1,Tee,3.0,2700,8.546,130.5874,10.1624,26.2270,132.6506,10.1492,26.2270,Fairway,2.0632,5,3.0079,2,2026-05-18T10:33:31.1773250+02:00
roll,1,Tee,6.0,500,10.181,134.8241,10.1261,26.2365,137.9364,10.1482,26.2720,Fairway,3.1125,5,3.1554,1,2026-05-18T10:33:31.5125540+02:00
roll,1,Tee,6.0,500,10.181,134.8241,10.1261,26.2365,137.9364,10.1482,26.2720,Fairway,3.1125,5,3.1554,2,2026-05-18T10:33:31.8459020+02:00
roll,1,Tee,6.0,2700,10.181,134.8243,10.1261,26.2270,137.9370,10.1476,26.2270,Fairway,3.1127,5,3.1559,1,2026-05-18T10:33:32.2039050+02:00
roll,1,Tee,6.0,2700,10.181,134.8243,10.1261,26.2270,137.9370,10.1476,26.2270,Fairway,3.1127,5,3.1559,2,2026-05-18T10:33:32.5515360+02:00
roll,1,Tee,9.0,500,12.153,140.3080,10.1294,26.2229,145.2370,10.1658,26.2610,Fairway,4.9291,5,5.1591,1,2026-05-18T10:33:32.9061710+02:00
roll,1,Tee,9.0,500,12.153,140.3080,10.1294,26.2229,145.2370,10.1658,26.2610,Fairway,4.9291,5,5.1591,2,2026-05-18T10:33:33.2505640+02:00
roll,1,Tee,9.0,2700,12.153,140.3083,10.1294,26.2284,145.2376,10.1658,26.2381,Fairway,4.9293,5,5.1593,1,2026-05-18T10:33:33.6124220+02:00
roll,1,Tee,9.0,2700,12.153,140.3083,10.1294,26.2284,145.2376,10.1658,26.2381,Fairway,4.9293,5,5.1593,2,2026-05-18T10:33:33.9588750+02:00
roll,1,Tee,12.0,500,14.141,146.9499,10.1530,26.1962,156.4601,10.2332,26.2597,Fairway,9.5104,5,10.1497,1,2026-05-18T10:33:34.3456230+02:00
roll,1,Tee,12.0,500,14.141,146.9499,10.1530,26.1962,156.4601,10.2332,26.2597,Fairway,9.5104,5,10.1497,2,2026-05-18T10:33:34.7295750+02:00
roll,1,Tee,12.0,2700,14.141,146.9505,10.1527,26.1713,156.4602,10.2332,26.2585,Fairway,9.5101,5,10.1496,1,2026-05-18T10:33:35.1172920+02:00
roll,1,Tee,12.0,2700,14.141,146.9505,10.1527,26.1713,156.4602,10.2332,26.2585,Fairway,9.5101,5,10.1496,2,2026-05-18T10:33:35.4960460+02:00
roll,1,Tee,15.0,500,16.021,154.6452,10.2003,26.1521,163.2100,10.2955,26.2037,Fairway,8.5650,5,7.8952,1,2026-05-18T10:33:35.8559540+02:00
roll,1,Tee,15.0,500,16.021,154.6452,10.2003,26.1521,163.2100,10.2955,26.2037,Fairway,8.5650,5,7.8952,2,2026-05-18T10:33:36.2243010+02:00
roll,1,Tee,15.0,2700,16.022,154.6325,10.1992,25.9863,163.2198,10.2772,26.1095,Fairway,8.5882,5,7.9036,1,2026-05-18T10:33:36.6015560+02:00
roll,1,Tee,15.0,2700,16.022,154.6325,10.1992,25.9863,163.2198,10.2772,26.1095,Fairway,8.5882,5,7.9036,2,2026-05-18T10:33:36.9692690+02:00
roll,1,Tee,20.0,500,19.169,170.6522,10.3035,26.0344,182.5914,10.4126,26.1011,Fairway,11.9394,5,9.6430,1,2026-05-18T10:33:37.3451780+02:00
roll,1,Tee,20.0,500,19.169,170.6522,10.3035,26.0344,182.5914,10.4126,26.1011,Fairway,11.9394,5,9.6430,2,2026-05-18T10:33:37.7385380+02:00
roll,1,Tee,20.0,2700,19.177,170.5804,10.3008,25.5679,182.5281,10.4085,25.7899,Fairway,11.9497,5,9.6423,1,2026-05-18T10:33:38.1202980+02:00
roll,1,Tee,20.0,2700,19.177,170.5804,10.3008,25.5679,182.5281,10.4085,25.7899,Fairway,11.9497,5,9.6423,2,2026-05-18T10:33:38.5014460+02:00
roll,1,Tee,25.0,500,22.772,190.6601,10.4605,25.8299,235.1753,11.0173,26.0795,Fairway,44.5159,6,13.8995,1,2026-05-18T10:33:38.9001790+02:00
roll,1,Tee,25.0,500,22.772,190.6601,10.4605,25.8299,235.1753,11.0173,26.0795,Fairway,44.5159,6,13.8995,2,2026-05-18T10:33:39.3089330+02:00
roll,1,Tee,25.0,2700,22.805,190.4915,10.4353,24.8412,219.4277,10.6937,25.3669,CartPath,28.9409,9,16.8142,1,2026-05-18T10:33:39.8044950+02:00
roll,1,Tee,25.0,2700,22.805,190.4915,10.4353,24.8412,219.4277,10.6937,25.3669,CartPath,28.9409,9,16.8142,2,2026-05-18T10:33:40.2798360+02:00
roll,1,Sand,3.0,500,2.996,-211.7923,7.1131,-83.7730,-211.5055,7.2666,-83.7762,Sand,0.2869,1,1.0682,1,2026-05-18T10:33:40.6293360+02:00
roll,1,Sand,3.0,500,2.996,-211.7923,7.1131,-83.7730,-211.5055,7.2666,-83.7762,Sand,0.2869,1,1.0682,2,2026-05-18T10:33:40.9571330+02:00
roll,1,Sand,3.0,2700,2.996,-211.7923,7.1131,-83.7730,-211.5055,7.2652,-83.7730,Sand,0.2869,1,1.0682,1,2026-05-18T10:33:41.2882220+02:00
roll,1,Sand,3.0,2700,2.996,-211.7923,7.1131,-83.7730,-211.5055,7.2652,-83.7730,Sand,0.2869,1,1.0682,2,2026-05-18T10:33:41.6199750+02:00
roll,1,Sand,6.0,500,6.079,-211.1496,7.4773,-83.7739,-210.2386,8.0775,-83.7806,Sand,0.9111,1,2.0481,1,2026-05-18T10:33:41.9739080+02:00
roll,1,Sand,6.0,500,6.079,-211.1496,7.4773,-83.7739,-210.2386,8.0775,-83.7806,Sand,0.9111,1,2.0481,2,2026-05-18T10:33:42.2940630+02:00
roll,1,Sand,6.0,2700,6.079,-211.1486,7.4769,-83.7730,-210.2375,8.0748,-83.7730,Sand,0.9111,1,2.0483,1,2026-05-18T10:33:42.6225150+02:00
roll,1,Sand,6.0,2700,6.079,-211.1486,7.4769,-83.7730,-210.2375,8.0748,-83.7730,Sand,0.9111,1,2.0483,2,2026-05-18T10:33:42.9438250+02:00
roll,1,Sand,9.0,500,9.406,-210.6631,7.7850,-83.7746,-209.1307,8.6270,-83.7834,Sand,1.5324,1,2.6033,1,2026-05-18T10:33:43.2723990+02:00
roll,1,Sand,9.0,500,9.406,-210.6631,7.7850,-83.7746,-209.1307,8.6270,-83.7834,Sand,1.5324,1,2.6033,2,2026-05-18T10:33:43.6133110+02:00
roll,1,Sand,9.0,2700,9.404,-210.6605,7.8079,-83.7730,-209.1281,8.6275,-83.7730,Sand,1.5323,1,2.6037,1,2026-05-18T10:33:43.9473230+02:00
roll,1,Sand,9.0,2700,9.404,-210.6605,7.8079,-83.7730,-209.1281,8.6275,-83.7730,Sand,1.5323,1,2.6037,2,2026-05-18T10:33:44.2955990+02:00
roll,1,Sand,12.0,500,12.774,-210.2414,8.0580,-83.7752,-205.9550,8.4115,-83.8560,Fairway,4.2872,1,11.2131,1,2026-05-18T10:33:44.6329950+02:00
roll,1,Sand,12.0,500,12.774,-210.2414,8.0580,-83.7752,-205.9550,8.4115,-83.8560,Fairway,4.2872,1,11.2131,2,2026-05-18T10:33:44.9805350+02:00
roll,1,Sand,12.0,2700,12.776,-210.2452,8.0587,-83.7769,-205.9652,8.4124,-83.8577,Fairway,4.2808,1,11.2045,1,2026-05-18T10:33:45.3311390+02:00
roll,1,Sand,12.0,2700,12.776,-210.2452,8.0587,-83.7769,-205.9652,8.4124,-83.8577,Fairway,4.2808,1,11.2045,2,2026-05-18T10:33:45.6868050+02:00
roll,1,Sand,15.0,500,16.166,-209.8729,8.3219,-83.7757,-202.1437,8.1245,-83.8820,Fairway,7.7300,1,14.6757,1,2026-05-18T10:33:46.0320810+02:00
roll,1,Sand,15.0,500,16.166,-209.8729,8.3219,-83.7757,-202.1437,8.1245,-83.8820,Fairway,7.7300,1,14.6757,2,2026-05-18T10:33:46.4157980+02:00
roll,1,Sand,15.0,2700,16.173,-209.8886,8.2859,-83.7815,-202.1867,8.1228,-83.9426,Fairway,7.7036,1,14.6705,1,2026-05-18T10:33:46.8119830+02:00
roll,1,Sand,15.0,2700,16.173,-209.8886,8.2859,-83.7815,-202.1867,8.1228,-83.9426,Fairway,7.7036,1,14.6705,2,2026-05-18T10:33:47.2019520+02:00
roll,1,Sand,20.0,500,21.976,-209.3610,8.6122,-83.7762,-196.0387,7.6276,-83.9042,Fairway,13.3229,1,17.6161,1,2026-05-18T10:33:47.6411080+02:00
roll,1,Sand,20.0,500,21.976,-209.3610,8.6122,-83.7762,-196.0387,7.6276,-83.9042,Fairway,13.3229,1,17.6161,2,2026-05-18T10:33:47.9923310+02:00
roll,1,Sand,20.0,2700,21.984,-209.3849,8.6147,-83.7841,-196.1100,7.6135,-84.1060,Fairway,13.2788,1,17.6732,1,2026-05-18T10:33:48.3393960+02:00
roll,1,Sand,20.0,2700,21.984,-209.3849,8.6147,-83.7841,-196.1100,7.6135,-84.1060,Fairway,13.2788,1,17.6732,2,2026-05-18T10:33:48.7059460+02:00
roll,1,Sand,25.0,500,22.694,-149.7132,4.3002,-84.1722,-137.3152,4.0598,-84.1085,OOB,12.3983,1,4.6719,1,2026-05-18T10:33:49.0482670+02:00
roll,1,Sand,25.0,500,22.694,-149.7132,4.3002,-84.1722,-137.3152,4.0598,-84.1085,OOB,12.3983,1,4.6719,2,2026-05-18T10:33:49.3748860+02:00
roll,1,Sand,25.0,2700,22.739,-149.8246,4.2283,-85.1646,-137.3985,4.0073,-84.9445,OOB,12.4280,1,4.6664,1,2026-05-18T10:33:49.7088890+02:00
roll,1,Sand,25.0,2700,22.739,-149.8246,4.2283,-85.1646,-137.3985,4.0073,-84.9445,OOB,12.4280,1,4.6664,2,2026-05-18T10:33:50.0506170+02:00
roll,1,CartPath,3.0,500,13.892,-275.6300,12.7424,-79.6811,-273.2263,12.4993,-79.5031,Fairway,2.4103,6,4.8441,1,2026-05-18T10:33:50.3762050+02:00
roll,1,CartPath,3.0,500,13.892,-275.6300,12.7424,-79.6811,-273.2263,12.4993,-79.5031,Fairway,2.4103,6,4.8441,2,2026-05-18T10:33:50.7788590+02:00
roll,1,CartPath,3.0,2700,13.893,-275.6298,12.7409,-79.7584,-273.2256,12.4974,-79.6542,Fairway,2.4064,6,4.8448,1,2026-05-18T10:33:51.1618790+02:00
roll,1,CartPath,3.0,2700,13.893,-275.6298,12.7409,-79.7584,-273.2256,12.4974,-79.6542,Fairway,2.4064,6,4.8448,2,2026-05-18T10:33:51.5490170+02:00
roll,1,CartPath,6.0,500,15.122,-269.6242,12.0740,-79.6723,-264.7968,11.5872,-79.4621,Fairway,4.8320,6,5.3251,1,2026-05-18T10:33:51.8750320+02:00
roll,1,CartPath,6.0,500,15.122,-269.6242,12.0740,-79.6723,-264.7968,11.5872,-79.4621,Fairway,4.8320,6,5.3251,2,2026-05-18T10:33:52.2270710+02:00
roll,1,CartPath,6.0,2700,15.123,-269.6239,12.0733,-79.7259,-264.7967,11.5868,-79.4895,Fairway,4.8330,6,5.3248,1,2026-05-18T10:33:52.5773200+02:00
roll,1,CartPath,6.0,2700,15.123,-269.6239,12.0733,-79.7259,-264.7967,11.5868,-79.4895,Fairway,4.8330,6,5.3248,2,2026-05-18T10:33:52.9205150+02:00
roll,1,CartPath,9.0,500,16.623,-262.4792,11.3366,-79.6733,-255.3869,10.7885,-79.4339,Fairway,7.0964,6,5.7560,1,2026-05-18T10:33:53.2638650+02:00
roll,1,CartPath,9.0,500,16.623,-262.4792,11.3366,-79.6733,-255.3869,10.7885,-79.4339,Fairway,7.0964,6,5.7560,2,2026-05-18T10:33:53.5976320+02:00
roll,1,CartPath,9.0,2700,16.622,-262.4786,11.3371,-79.6366,-255.3910,10.7934,-79.1797,Fairway,7.1023,6,5.7528,1,2026-05-18T10:33:53.9304540+02:00
roll,1,CartPath,9.0,2700,16.622,-262.4786,11.3371,-79.6366,-255.3910,10.7934,-79.1797,Fairway,7.1023,6,5.7528,2,2026-05-18T10:33:54.2694880+02:00
roll,1,CartPath,12.0,500,18.147,-254.4288,10.6952,-79.6893,-245.3457,10.2829,-79.4215,Fairway,9.0871,6,6.1192,1,2026-05-18T10:33:54.6018350+02:00
roll,1,CartPath,12.0,500,18.147,-254.4288,10.6952,-79.6893,-245.3457,10.2829,-79.4215,Fairway,9.0871,6,6.1192,2,2026-05-18T10:33:54.9401230+02:00
roll,1,CartPath,12.0,2700,18.145,-254.4281,10.6982,-79.5709,-245.3628,10.3019,-78.8648,Fairway,9.0928,6,6.1097,1,2026-05-18T10:33:55.2652590+02:00
roll,1,CartPath,12.0,2700,18.145,-254.4281,10.6982,-79.5709,-245.3628,10.3019,-78.8648,Fairway,9.0928,6,6.1097,2,2026-05-18T10:33:55.5991690+02:00
roll,1,CartPath,15.0,500,19.615,-245.6566,10.2624,-79.7269,-236.1973,10.1055,-79.4691,Green,9.4627,5,5.8559,1,2026-05-18T10:33:55.9979410+02:00
roll,1,CartPath,15.0,500,19.615,-245.6566,10.2624,-79.7269,-236.1973,10.1055,-79.4691,Green,9.4627,5,5.8559,2,2026-05-18T10:33:56.3697830+02:00
roll,1,CartPath,15.0,2700,19.614,-245.6661,10.2641,-79.6694,-236.2290,10.1275,-78.9014,Green,9.4682,5,5.8456,1,2026-05-18T10:33:56.7391110+02:00
roll,1,CartPath,15.0,2700,19.614,-245.6661,10.2641,-79.6694,-236.2290,10.1275,-78.9014,Green,9.4682,5,5.8456,2,2026-05-18T10:33:57.1165020+02:00
roll,1,CartPath,20.0,500,22.243,-228.3441,9.8555,-79.8362,-222.4909,9.6773,-79.6956,Green,5.8549,5,5.9401,1,2026-05-18T10:33:57.4655870+02:00
roll,1,CartPath,20.0,500,22.243,-228.3441,9.8555,-79.8362,-222.4909,9.6773,-79.6956,Green,5.8549,5,5.9401,2,2026-05-18T10:33:57.8091240+02:00
roll,1,CartPath,20.0,2700,22.249,-228.4002,9.8498,-80.0066,-222.5582,9.6873,-79.5409,Green,5.8605,5,5.9269,1,2026-05-18T10:33:58.1554580+02:00
roll,1,CartPath,20.0,2700,22.249,-228.4002,9.8498,-80.0066,-222.5582,9.6873,-79.5409,Green,5.8605,5,5.9269,2,2026-05-18T10:33:58.5074970+02:00
roll,1,CartPath,25.0,500,25.523,-206.3329,8.6909,-80.0212,-186.8091,7.2791,-79.5833,Fairway,19.5287,6,8.5710,1,2026-05-18T10:33:58.8594070+02:00
roll,1,CartPath,25.0,500,25.523,-206.3329,8.6909,-80.0212,-186.8091,7.2791,-79.5833,Fairway,19.5287,6,8.5710,2,2026-05-18T10:33:59.2169300+02:00
roll,1,CartPath,25.0,2700,25.549,-206.4705,8.6613,-80.6476,-186.9975,7.3421,-79.1222,Fairway,19.5327,6,8.5563,1,2026-05-18T10:33:59.5808340+02:00
roll,1,CartPath,25.0,2700,25.549,-206.4705,8.6613,-80.6476,-186.9975,7.3421,-79.1222,Fairway,19.5327,6,8.5563,2,2026-05-18T10:33:59.9358080+02:00
putt,1,Green,0.5,0,0.500,-238.4077,10.2602,-75.7730,-237.5145,10.2600,-75.7730,Green,0.8932,0,4.9363,1,2026-05-18T10:34:00.2837550+02:00
putt,1,Green,0.5,0,0.500,-238.4077,10.2602,-75.7730,-237.5145,10.2600,-75.7730,Green,0.8932,0,4.9363,2,2026-05-18T10:34:00.6260030+02:00
putt,1,Green,0.5,0,0.500,-238.4077,10.2602,-75.7730,-237.5145,10.2600,-75.7730,Green,0.8932,0,4.9363,3,2026-05-18T10:34:00.9624390+02:00
putt,1,Green,1.0,0,1.000,-238.4077,10.2602,-75.7730,-236.5242,10.2362,-75.7730,Green,1.8834,0,6.3151,1,2026-05-18T10:34:01.3067720+02:00
putt,1,Green,1.0,0,1.000,-238.4077,10.2602,-75.7730,-236.5242,10.2362,-75.7730,Green,1.8834,0,6.3151,2,2026-05-18T10:34:01.6378160+02:00
putt,1,Green,1.0,0,1.000,-238.4077,10.2602,-75.7730,-236.5242,10.2362,-75.7730,Green,1.8834,0,6.3151,3,2026-05-18T10:34:02.0034410+02:00
putt,1,Green,1.8,0,1.830,-238.4077,10.2602,-75.7730,-234.8743,10.1964,-75.7730,Green,3.5333,0,7.5190,1,2026-05-18T10:34:02.3431850+02:00
putt,1,Green,1.8,0,1.830,-238.4077,10.2602,-75.7730,-234.8743,10.1964,-75.7730,Green,3.5333,0,7.5190,2,2026-05-18T10:34:02.6744870+02:00
putt,1,Green,1.8,0,1.830,-238.4077,10.2602,-75.7730,-234.8743,10.1964,-75.7730,Green,3.5333,0,7.5190,3,2026-05-18T10:34:03.0434020+02:00
putt,1,Green,2.5,0,2.500,-238.4077,10.2602,-75.7730,-233.5403,10.1630,-75.7730,Green,4.8674,0,8.1397,1,2026-05-18T10:34:03.3877290+02:00
putt,1,Green,2.5,0,2.500,-238.4077,10.2602,-75.7730,-233.5403,10.1630,-75.7730,Green,4.8674,0,8.1397,2,2026-05-18T10:34:03.7394420+02:00
putt,1,Green,2.5,0,2.500,-238.4077,10.2602,-75.7730,-233.5403,10.1630,-75.7730,Green,4.8674,0,8.1397,3,2026-05-18T10:34:04.1082870+02:00
putt,1,Green,3.5,0,3.500,-238.4077,10.2602,-75.7730,-231.5481,10.1129,-75.7730,Green,6.8596,0,8.8145,1,2026-05-18T10:34:04.4498220+02:00
putt,1,Green,3.5,0,3.500,-238.4077,10.2602,-75.7730,-231.5481,10.1129,-75.7730,Green,6.8596,0,8.8145,2,2026-05-18T10:34:04.7895450+02:00
putt,1,Green,3.5,0,3.500,-238.4077,10.2602,-75.7730,-231.5481,10.1129,-75.7730,Green,6.8596,0,8.8145,3,2026-05-18T10:34:05.1368140+02:00
putt,1,Green,5.0,0,5.000,-238.4077,10.2602,-75.7730,-228.5580,10.0314,-75.7730,Green,9.8496,0,9.5268,1,2026-05-18T10:34:05.4729060+02:00
putt,1,Green,5.0,0,5.000,-238.4077,10.2602,-75.7730,-228.5580,10.0314,-75.7730,Green,9.8496,0,9.5268,2,2026-05-18T10:34:05.8133520+02:00
putt,1,Green,5.0,0,5.000,-238.4077,10.2602,-75.7730,-228.5580,10.0314,-75.7730,Green,9.8496,0,9.5268,3,2026-05-18T10:34:06.1484980+02:00
putt,1,Green,7.0,0,7.000,-238.4077,10.2602,-75.7730,-224.5705,9.9055,-75.7730,Green,13.8371,0,10.1975,1,2026-05-18T10:34:06.4948790+02:00
putt,1,Green,7.0,0,7.000,-238.4077,10.2602,-75.7730,-224.5705,9.9055,-75.7730,Green,13.8371,0,10.1975,2,2026-05-18T10:34:06.8289360+02:00
putt,1,Green,7.0,0,7.000,-238.4077,10.2602,-75.7730,-224.5705,9.9055,-75.7730,Green,13.8371,0,10.1975,3,2026-05-18T10:34:07.1671840+02:00
putt,1,Fairway,0.5,0,0.500,-280.4077,9.0233,-133.7730,-279.7519,8.9548,-133.7730,Fairway,0.6558,1,4.2686,1,2026-05-18T10:34:07.4941840+02:00
putt,1,Fairway,0.5,0,0.500,-280.4077,9.0233,-133.7730,-279.7519,8.9548,-133.7730,Fairway,0.6558,1,4.2686,2,2026-05-18T10:34:07.8379290+02:00
putt,1,Fairway,0.5,0,0.500,-280.4077,9.0233,-133.7730,-279.7519,8.9548,-133.7730,Fairway,0.6558,1,4.2686,3,2026-05-18T10:34:08.1830710+02:00
putt,1,Fairway,1.0,0,1.000,-280.4077,9.0233,-133.7730,-278.5254,8.7854,-133.7730,Fairway,1.8823,1,8.0082,1,2026-05-18T10:34:08.5233380+02:00
putt,1,Fairway,1.0,0,1.000,-280.4077,9.0233,-133.7730,-278.5254,8.7854,-133.7730,Fairway,1.8823,1,8.0082,2,2026-05-18T10:34:08.8633740+02:00
putt,1,Fairway,1.0,0,1.000,-280.4077,9.0233,-133.7730,-278.5254,8.7854,-133.7730,Fairway,1.8823,1,8.0082,3,2026-05-18T10:34:09.1985980+02:00
putt,1,Fairway,1.8,0,1.830,-280.4077,9.0233,-133.7730,-276.4289,8.4975,-133.7730,Fairway,3.9788,1,11.3255,1,2026-05-18T10:34:09.5345290+02:00
putt,1,Fairway,1.8,0,1.830,-280.4077,9.0233,-133.7730,-276.4289,8.4975,-133.7730,Fairway,3.9788,1,11.3255,2,2026-05-18T10:34:09.8797730+02:00
putt,1,Fairway,1.8,0,1.830,-280.4077,9.0233,-133.7730,-276.4289,8.4975,-133.7730,Fairway,3.9788,1,11.3255,3,2026-05-18T10:34:10.2092510+02:00
putt,1,Fairway,2.5,0,2.500,-280.4077,9.0233,-133.7730,-274.7012,8.2613,-133.7730,Fairway,5.7065,1,13.0556,1,2026-05-18T10:34:10.5397950+02:00
putt,1,Fairway,2.5,0,2.500,-280.4077,9.0233,-133.7730,-274.7012,8.2613,-133.7730,Fairway,5.7065,1,13.0556,2,2026-05-18T10:34:10.8908680+02:00
putt,1,Fairway,2.5,0,2.500,-280.4077,9.0233,-133.7730,-274.7012,8.2613,-133.7730,Fairway,5.7065,1,13.0556,3,2026-05-18T10:34:11.2256420+02:00
putt,1,Fairway,3.5,0,3.500,-280.4077,9.0233,-133.7730,-272.0803,7.9073,-133.7730,Fairway,8.3273,1,14.9273,1,2026-05-18T10:34:11.5810710+02:00
putt,1,Fairway,3.5,0,3.500,-280.4077,9.0233,-133.7730,-272.0803,7.9073,-133.7730,Fairway,8.3273,1,14.9273,2,2026-05-18T10:34:11.9518510+02:00
putt,1,Fairway,3.5,0,3.500,-280.4077,9.0233,-133.7730,-272.0803,7.9073,-133.7730,Fairway,8.3273,1,14.9273,3,2026-05-18T10:34:12.2824720+02:00
putt,1,Fairway,5.0,0,5.000,-280.4077,9.0233,-133.7730,-277.2592,8.6113,-133.7730,Fairway,3.1485,3,8.4734,1,2026-05-18T10:34:12.6145440+02:00
putt,1,Fairway,5.0,0,5.000,-280.4077,9.0233,-133.7730,-277.2592,8.6113,-133.7730,Fairway,3.1485,3,8.4734,2,2026-05-18T10:34:12.9514450+02:00
putt,1,Fairway,5.0,0,5.000,-280.4077,9.0233,-133.7730,-277.2592,8.6113,-133.7730,Fairway,3.1485,3,8.4734,3,2026-05-18T10:34:13.2798370+02:00
putt,1,Fairway,7.0,0,7.000,-280.4077,9.0233,-133.7730,-276.8528,8.5556,-133.7730,Fairway,3.5549,4,6.2577,1,2026-05-18T10:34:13.6133410+02:00
putt,1,Fairway,7.0,0,7.000,-280.4077,9.0233,-133.7730,-276.8528,8.5556,-133.7730,Fairway,3.5549,4,6.2577,2,2026-05-18T10:34:13.9499420+02:00
putt,1,Fairway,7.0,0,7.000,-280.4077,9.0233,-133.7730,-276.8528,8.5556,-133.7730,Fairway,3.5549,4,6.2577,3,2026-05-18T10:34:14.2842130+02:00
