# Tournament definitions — one row per tournament. courseId→ClubId; holeSet expands ranges.
#
# startUtc/endUtc are ABSOLUTE UTC timestamps, on purpose: this file ships, so every build
# must show the same tournaments at the same times. LocalTournamentBackend.DeriveState
# compares them against the current time to produce the card state:
#
#   now < startUtc ................................. Upcoming   -> UPCOMING
#   in window, more than 1h before endUtc .......... Open       -> SIGN UP
#   in window, within 1h of endUtc ................. Ending     -> SIGN UP
#   now >= endUtc .................................. Ended      -> LEADERBOARD
#   (+ EnteredActive -> CONTINUE and EnteredFinished -> LEADERBOARD once signed up)
#
# Ending is by nature the final hour of a tournament, so no row sits in it permanently —
# each Open row passes through it on its way out. That is correct behaviour, not a gap.
#
# ⚠️ THIS IS A LIVE SCHEDULE AND IT EXPIRES. When every row's endUtc is in the past the
# screen correctly shows all ENDED with no SIGN UP CTA anywhere, which also stalls
# TournamentLoopCaptureHarness at its signup step. That is the data being out of date, not
# a bug — refresh the dates below. Last refreshed 2026-08-11.
#
# Row order IS render order on the T7 selection screen (no sort), and the capture harness
# clicks the FIRST "SIGN UP" — so keep an Open row at the top (kasumigaseki).
id,nameKey,courseId,holeSet,startUtc,endUtc,resolveDelayMinutes,entryFeeRP,botFieldId,prizeTableId,sponsorKey,leagueKey
kasumigaseki_open,tourn.kasumigaseki,kasumigaseki,1-18,2026-08-09T00:00:00Z,2026-08-25T00:00:00Z,30,100,field_major,prize_major,PUMA,DIAMOND
hirono_invitational,tourn.hirono,hirono,1-18,2026-08-08T00:00:00Z,2026-08-14T12:00:00Z,30,0,field_major,prize_major,GOLFIN,DIAMOND
kisarazu_cup,tourn.kisarazu,kisarazu,1-18,2026-08-10T00:00:00Z,2026-08-20T00:00:00Z,30,0,field_small,prize_small,MIZUNO,SILVER
lomond_championship,tourn.lomond,lomond,1-18,2026-08-18T00:00:00Z,2026-08-24T00:00:00Z,30,0,field_medium,prize_medium,TITLEIST,GOLD
gotemba_masters,tourn.gotemba,gotemba,1-18,2026-07-28T00:00:00Z,2026-08-05T00:00:00Z,30,500,field_major,prize_major,TAIHEIYO,GOLD
kawana_fuji_open,tourn.kawana,kawana,1-18,2026-07-20T00:00:00Z,2026-07-27T00:00:00Z,30,0,field_major,prize_major,GOLFIN,DIAMOND
