mode,source_hole,surface_target,target_v_horizontal_mps,target_spin_rpm,actual_v_at_contact_mps,first_contact_pos_x,first_contact_pos_y,first_contact_pos_z,end_pos_x,end_pos_y,end_pos_z,end_surface,roll_distance_m,bounce_count,sim_duration_s,sample_id,timestamp_iso
roll,1,Fairway,3.0,500,8.557,-278.4264,8.7511,-133.7730,-276.9576,8.5703,-133.7730,Fairway,1.4688,5,2.3959,1,2026-05-19T06:14:19.7517090+02:00
roll,1,Fairway,3.0,500,8.572,-278.3214,8.7358,-133.7730,-276.8505,8.5556,-133.7730,Fairway,1.4709,5,2.4002,2,2026-05-19T06:14:20.1154930+02:00
roll,1,Fairway,3.0,2700,8.554,-278.4466,8.7535,-133.7730,-277.0063,8.5777,-133.7730,Fairway,1.4403,5,2.3933,1,2026-05-19T06:14:20.4700090+02:00
roll,1,Fairway,3.0,2700,8.570,-278.3414,8.7393,-133.7730,-276.8991,8.5630,-133.7730,Fairway,1.4423,5,2.3961,2,2026-05-19T06:14:20.8026720+02:00
roll,1,Fairway,6.0,500,10.443,-277.0573,8.5600,-133.7730,-273.7996,8.1382,-133.7730,Fairway,3.2578,5,2.6612,1,2026-05-19T06:14:21.1328020+02:00
roll,1,Fairway,6.0,500,10.456,-276.9473,8.5465,-133.7730,-273.6829,8.1226,-133.7730,Fairway,3.2644,5,2.6672,2,2026-05-19T06:14:21.4796730+02:00
roll,1,Fairway,6.0,2700,10.441,-277.0901,8.5661,-133.7730,-273.8657,8.1480,-133.7730,Fairway,3.2244,5,2.6164,1,2026-05-19T06:14:21.8094270+02:00
roll,1,Fairway,6.0,2700,10.453,-276.9802,8.5527,-133.7730,-273.7492,8.1309,-133.7730,Fairway,3.2310,5,2.6203,2,2026-05-19T06:14:22.1938950+02:00
roll,1,Fairway,9.0,500,12.844,-276.1125,8.4329,-133.7730,-270.5077,7.7050,-133.7730,Fairway,5.6048,5,4.3972,1,2026-05-19T06:14:22.5445820+02:00
roll,1,Fairway,9.0,500,12.854,-275.9973,8.4133,-133.7730,-270.3909,7.6892,-133.7730,Fairway,5.6064,5,4.3997,2,2026-05-19T06:14:22.8951770+02:00
roll,1,Fairway,9.0,2700,12.843,-276.1447,8.4341,-133.7730,-270.5530,7.7106,-133.7730,Fairway,5.5917,5,4.3844,1,2026-05-19T06:14:23.2228980+02:00
roll,1,Fairway,9.0,2700,12.853,-276.0308,8.4206,-133.7730,-270.4339,7.6948,-133.7730,Fairway,5.5969,5,4.3844,2,2026-05-19T06:14:23.5874020+02:00
roll,1,Fairway,12.0,500,15.540,-275.4589,8.3389,-133.7730,-267.4772,7.3294,-133.7730,Fairway,7.9816,6,3.1083,1,2026-05-19T06:14:23.9177620+02:00
roll,1,Fairway,12.0,500,15.547,-275.3409,8.3242,-133.7730,-267.3531,7.3150,-133.7730,Fairway,7.9878,6,3.1112,2,2026-05-19T06:14:24.2528200+02:00
roll,1,Fairway,12.0,2700,15.538,-275.3943,8.3291,-133.7730,-267.4024,7.3201,-133.7730,Fairway,7.9919,6,3.0919,1,2026-05-19T06:14:24.6022150+02:00
roll,1,Fairway,12.0,2700,15.546,-275.2759,8.3144,-133.7730,-267.2798,7.3057,-133.7730,Fairway,7.9961,6,3.0929,2,2026-05-19T06:14:24.9384750+02:00
roll,1,Fairway,15.0,500,18.481,-275.0010,8.2762,-133.7730,-263.9713,6.9320,-133.7730,Fairway,11.0298,6,3.5746,1,2026-05-19T06:14:25.2686110+02:00
roll,1,Fairway,15.0,500,18.486,-274.8814,8.2632,-133.7730,-263.8447,6.9189,-133.7730,Fairway,11.0367,6,3.5789,2,2026-05-19T06:14:25.6097530+02:00
roll,1,Fairway,15.0,2700,18.476,-274.8753,8.2632,-133.7730,-263.8522,6.9199,-133.7730,Fairway,11.0231,6,3.6088,1,2026-05-19T06:14:25.9617520+02:00
roll,1,Fairway,15.0,2700,18.481,-274.7543,8.2412,-133.7730,-263.7382,6.9078,-133.7730,Fairway,11.0161,6,3.6068,2,2026-05-19T06:14:26.3181610+02:00
roll,1,Fairway,20.0,500,23.864,-274.5036,8.2111,-133.7730,-257.2303,6.2821,-133.7730,Fairway,17.2733,6,5.0080,1,2026-05-19T06:14:26.6676490+02:00
roll,1,Fairway,20.0,500,23.868,-274.3813,8.1876,-133.7730,-257.1205,6.2729,-133.7730,Fairway,17.2609,6,5.0066,2,2026-05-19T06:14:27.0145170+02:00
roll,1,Fairway,20.0,2700,23.857,-274.3637,8.1852,-133.7730,-257.1793,6.2782,-133.7730,Fairway,17.1845,6,5.0167,1,2026-05-19T06:14:27.3554130+02:00
roll,1,Fairway,20.0,2700,23.861,-274.2406,8.1723,-133.7730,-257.0531,6.2670,-133.7730,Fairway,17.1876,6,5.0150,2,2026-05-19T06:14:27.6825880+02:00
roll,1,Fairway,25.0,500,29.252,-274.2171,8.1640,-133.7730,-250.1096,5.7307,-133.7730,Fairway,24.1075,6,6.0886,1,2026-05-19T06:14:28.0323440+02:00
roll,1,Fairway,25.0,500,29.254,-274.0931,8.1511,-133.7730,-249.9858,5.7219,-133.7730,Fairway,24.1073,6,6.0902,2,2026-05-19T06:14:28.3563610+02:00
roll,1,Fairway,25.0,2700,29.242,-274.0757,8.1463,-133.7730,-250.1070,5.7301,-133.7730,Fairway,23.9687,6,6.0867,1,2026-05-19T06:14:28.6938420+02:00
roll,1,Fairway,25.0,2700,29.244,-273.9486,8.1316,-133.7730,-249.9841,5.7219,-133.7730,Fairway,23.9646,6,6.0868,2,2026-05-19T06:14:29.0570080+02:00
roll,1,Green,3.0,500,8.312,-236.5110,10.2145,-75.7730,-235.9938,10.2233,-75.7730,Green,0.5172,4,1.6734,1,2026-05-19T06:14:29.4205580+02:00
roll,1,Green,3.0,500,8.315,-236.4101,10.2119,-75.7730,-235.8927,10.2208,-75.7730,Green,0.5174,4,1.6740,2,2026-05-19T06:14:29.7379910+02:00
roll,1,Green,3.0,2700,8.312,-236.5285,10.2149,-75.7730,-236.0187,10.2239,-75.7730,Green,0.5098,4,1.6744,1,2026-05-19T06:14:30.0693870+02:00
roll,1,Green,3.0,2700,8.315,-236.4276,10.2125,-75.7730,-235.9177,10.2214,-75.7730,Green,0.5099,4,1.6751,2,2026-05-19T06:14:30.4315290+02:00
roll,1,Green,6.0,500,10.119,-235.3221,10.1853,-75.7730,-234.2313,10.1801,-75.7730,Green,1.0908,4,1.6343,1,2026-05-19T06:14:30.7693790+02:00
roll,1,Green,6.0,500,10.121,-235.2204,10.1829,-75.7730,-234.1292,10.1775,-75.7730,Green,1.0912,4,1.6350,2,2026-05-19T06:14:31.1006860+02:00
roll,1,Green,6.0,2700,10.119,-235.3477,10.1862,-75.7730,-234.2628,10.1809,-75.7730,Green,1.0849,4,1.6379,1,2026-05-19T06:14:31.4367260+02:00
roll,1,Green,6.0,2700,10.122,-235.2460,10.1838,-75.7730,-234.1608,10.1783,-75.7730,Green,1.0853,4,1.6386,2,2026-05-19T06:14:31.7607180+02:00
roll,1,Green,9.0,500,12.535,-234.5769,10.1666,-75.7730,-232.7988,10.1448,-75.7730,Green,1.7781,4,1.6510,1,2026-05-19T06:14:32.1078990+02:00
roll,1,Green,9.0,500,12.537,-234.4744,10.1641,-75.7730,-232.6959,10.1423,-75.7730,Green,1.7784,4,1.6516,2,2026-05-19T06:14:32.4340340+02:00
roll,1,Green,9.0,2700,12.537,-234.6026,10.1678,-75.7730,-232.8246,10.1455,-75.7730,Green,1.7780,4,1.6537,1,2026-05-19T06:14:32.7698200+02:00
roll,1,Green,9.0,2700,12.538,-234.5002,10.1653,-75.7730,-232.7216,10.1429,-75.7730,Green,1.7785,4,1.6544,2,2026-05-19T06:14:33.1012370+02:00
roll,1,Green,12.0,500,15.285,-234.1043,10.1553,-75.7730,-231.4890,10.1113,-75.7730,Green,2.6153,4,1.7151,1,2026-05-19T06:14:33.4365400+02:00
roll,1,Green,12.0,500,15.286,-234.0013,10.1527,-75.7730,-231.3853,10.1086,-75.7730,Green,2.6160,4,1.7158,2,2026-05-19T06:14:33.7732730+02:00
roll,1,Green,12.0,2700,15.282,-234.0626,10.1537,-75.7730,-231.4550,10.1104,-75.7730,Green,2.6076,4,1.7031,1,2026-05-19T06:14:34.1005420+02:00
roll,1,Green,12.0,2700,15.283,-233.9595,10.1511,-75.7730,-231.3511,10.1077,-75.7730,Green,2.6084,4,1.7039,2,2026-05-19T06:14:34.4583560+02:00
roll,1,Green,15.0,500,18.281,-233.7962,10.1466,-75.7730,-230.1430,10.0757,-75.7730,Green,3.6532,4,2.0381,1,2026-05-19T06:14:34.7973270+02:00
roll,1,Green,15.0,500,18.282,-233.6930,10.1442,-75.7730,-230.0390,10.0728,-75.7730,Green,3.6540,4,2.0387,2,2026-05-19T06:14:35.1186700+02:00
roll,1,Green,15.0,2700,18.274,-233.7169,10.1446,-75.7730,-230.0910,10.0743,-75.7730,Green,3.6259,4,2.0437,1,2026-05-19T06:14:35.4445310+02:00
roll,1,Green,15.0,2700,18.274,-233.6137,10.1422,-75.7730,-229.9869,10.0714,-75.7730,Green,3.6268,4,2.0444,2,2026-05-19T06:14:35.7640850+02:00
roll,1,Green,20.0,500,23.722,-233.4872,10.1400,-75.7730,-227.5744,10.0021,-75.7730,Green,5.9127,4,3.0162,1,2026-05-19T06:14:36.0798070+02:00
roll,1,Green,20.0,500,23.722,-233.3836,10.1376,-75.7730,-227.4698,9.9990,-75.7730,Green,5.9137,4,3.0168,2,2026-05-19T06:14:36.4337760+02:00
roll,1,Green,20.0,2700,23.715,-233.4047,10.1375,-75.7730,-227.5493,10.0014,-75.7730,Green,5.8555,4,3.0137,1,2026-05-19T06:14:36.7599860+02:00
roll,1,Green,20.0,2700,23.715,-233.3010,10.1351,-75.7730,-227.4445,9.9982,-75.7730,Green,5.8566,4,3.0143,2,2026-05-19T06:14:37.0826580+02:00
roll,1,Green,25.0,500,29.175,-233.3185,10.1349,-75.7730,-224.6980,9.9098,-75.7730,Green,8.6205,4,3.8347,1,2026-05-19T06:14:37.3958470+02:00
roll,1,Green,25.0,500,29.175,-233.2147,10.1325,-75.7730,-224.5925,9.9063,-75.7730,Green,8.6221,4,3.8354,2,2026-05-19T06:14:37.7100090+02:00
roll,1,Green,25.0,2700,29.167,-233.2389,10.1344,-75.7730,-224.7033,9.9100,-75.7730,Green,8.5356,4,3.8237,1,2026-05-19T06:14:38.0469800+02:00
roll,1,Green,25.0,2700,29.167,-233.1348,10.1294,-75.7730,-224.6002,9.9066,-75.7730,Green,8.5346,4,3.8239,2,2026-05-19T06:14:38.3744300+02:00
roll,1,Tee,3.0,500,11.242,130.5075,10.1624,26.2270,132.9588,10.1486,26.2270,Fairway,2.4513,5,3.2940,1,2026-05-19T06:14:38.7259820+02:00
roll,1,Tee,3.0,500,11.242,130.6075,10.1624,26.2270,133.0590,10.1483,26.2270,Fairway,2.4514,5,3.2943,2,2026-05-19T06:14:39.0680850+02:00
roll,1,Tee,3.0,2700,11.243,130.4572,10.1624,26.2270,132.8144,10.1491,26.2270,Fairway,2.3572,5,3.2979,1,2026-05-19T06:14:39.4058640+02:00
roll,1,Tee,3.0,2700,11.243,130.5572,10.1624,26.2270,132.9146,10.1488,26.2270,Fairway,2.3573,5,3.2982,2,2026-05-19T06:14:39.7424490+02:00
roll,1,Tee,6.0,500,12.534,132.5928,10.1278,26.2270,136.2159,10.1466,26.2270,Fairway,3.6231,5,3.0043,1,2026-05-19T06:14:40.0948940+02:00
roll,1,Tee,6.0,500,12.534,132.6928,10.1278,26.2270,136.3159,10.1466,26.2270,Fairway,3.6231,5,3.0043,2,2026-05-19T06:14:40.4359910+02:00
roll,1,Tee,6.0,2700,12.537,132.5285,10.1278,26.2270,136.1066,10.1466,26.2270,Fairway,3.5780,5,3.0102,1,2026-05-19T06:14:40.7695070+02:00
roll,1,Tee,6.0,2700,12.537,132.6285,10.1278,26.2270,136.2066,10.1466,26.2270,Fairway,3.5780,5,3.0102,2,2026-05-19T06:14:41.1187550+02:00
roll,1,Tee,9.0,500,14.388,134.0815,10.1263,26.2270,139.8008,10.1497,26.2270,Fairway,5.7193,5,4.5058,1,2026-05-19T06:14:41.4584400+02:00
roll,1,Tee,9.0,500,14.388,134.1815,10.1263,26.2270,139.9007,10.1500,26.2270,Fairway,5.7192,5,4.5055,2,2026-05-19T06:14:41.8038770+02:00
roll,1,Tee,9.0,2700,14.390,134.0475,10.1263,26.2270,139.7773,10.1497,26.2270,Fairway,5.7298,5,4.5134,1,2026-05-19T06:14:42.1666560+02:00
roll,1,Tee,9.0,2700,14.390,134.1476,10.1263,26.2270,139.8772,10.1499,26.2270,Fairway,5.7296,5,4.5131,2,2026-05-19T06:14:42.5065870+02:00
roll,1,Tee,12.0,500,16.655,135.1497,10.1253,26.2270,143.1699,10.1589,26.2270,Fairway,8.0202,5,5.6154,1,2026-05-19T06:14:42.8552150+02:00
roll,1,Tee,12.0,500,16.655,135.2497,10.1253,26.2270,143.2697,10.1592,26.2270,Fairway,8.0200,5,5.6155,2,2026-05-19T06:14:43.2091020+02:00
roll,1,Tee,12.0,2700,16.643,135.2853,10.1253,26.2270,143.3388,10.1592,26.2270,Fairway,8.0535,5,5.6675,1,2026-05-19T06:14:43.5786950+02:00
roll,1,Tee,12.0,2700,16.643,135.3853,10.1253,26.2270,143.4383,10.1592,26.2270,Fairway,8.0530,5,5.6672,2,2026-05-19T06:14:43.9338740+02:00
roll,1,Tee,15.0,500,19.296,135.9268,10.1253,26.2270,146.6034,10.1728,26.2270,Fairway,10.6766,5,6.5377,1,2026-05-19T06:14:44.2930370+02:00
roll,1,Tee,15.0,500,19.296,136.0268,10.1253,26.2270,146.7027,10.1733,26.2270,Fairway,10.6759,5,6.5373,2,2026-05-19T06:14:44.6645480+02:00
roll,1,Tee,15.0,2700,19.272,136.1619,10.1253,26.2270,146.8079,10.1739,26.2270,Fairway,10.6460,5,6.5815,1,2026-05-19T06:14:45.0305830+02:00
roll,1,Tee,15.0,2700,19.272,136.2619,10.1253,26.2270,146.9071,10.1745,26.2270,Fairway,10.6452,5,6.5813,2,2026-05-19T06:14:45.3938600+02:00
roll,1,Tee,20.0,500,24.396,136.8059,10.1253,26.2270,157.2244,10.2389,26.2270,Fairway,20.4185,6,7.4156,1,2026-05-19T06:14:45.7824860+02:00
roll,1,Tee,20.0,500,24.396,136.9059,10.1253,26.2270,157.3227,10.2394,26.2270,Fairway,20.4168,6,7.4149,2,2026-05-19T06:14:46.1572650+02:00
roll,1,Tee,20.0,2700,24.372,137.0710,10.1253,26.2270,157.2695,10.2391,26.2270,Fairway,20.1985,6,7.4159,1,2026-05-19T06:14:46.5237520+02:00
roll,1,Tee,20.0,2700,24.372,137.1710,10.1253,26.2270,157.3678,10.2397,26.2270,Fairway,20.1968,6,7.4153,2,2026-05-19T06:14:46.8961940+02:00
roll,1,Tee,25.0,500,29.525,137.3287,10.1256,26.2270,159.3490,10.2523,26.2270,Fairway,22.0203,5,8.8468,1,2026-05-19T06:14:47.2817560+02:00
roll,1,Tee,25.0,500,29.525,137.4283,10.1259,26.2270,159.4483,10.2529,26.2270,Fairway,22.0200,5,8.8470,2,2026-05-19T06:14:47.6465930+02:00
roll,1,Tee,25.0,2700,29.498,137.5982,10.1263,26.2270,159.3172,10.2521,26.2270,Fairway,21.7191,5,8.8388,1,2026-05-19T06:14:48.0121890+02:00
roll,1,Tee,25.0,2700,29.498,137.6981,10.1263,26.2270,159.4162,10.2527,26.2270,Fairway,21.7181,5,8.8387,2,2026-05-19T06:14:48.3743550+02:00
roll,1,Sand,3.0,500,7.420,-210.8212,7.6835,-83.7730,-210.7539,7.7258,-83.7730,Sand,0.0673,1,0.6843,1,2026-05-19T06:14:48.7299090+02:00
roll,1,Sand,3.0,500,7.358,-210.7431,7.7397,-83.7730,-210.6732,7.7771,-83.7730,Sand,0.0699,1,0.6827,2,2026-05-19T06:14:49.0508330+02:00
roll,1,Sand,3.0,2700,7.427,-210.8302,7.6782,-83.7730,-210.7630,7.7194,-83.7730,Sand,0.0672,1,0.6863,1,2026-05-19T06:14:49.3760340+02:00
roll,1,Sand,3.0,2700,7.365,-210.7518,7.7266,-83.7730,-210.6866,7.7684,-83.7730,Sand,0.0652,1,0.6745,2,2026-05-19T06:14:49.7018290+02:00
roll,1,Sand,6.0,500,9.050,-210.2264,8.0732,-83.7730,-210.1219,8.1274,-83.7730,Sand,0.1045,1,0.4861,1,2026-05-19T06:14:50.0451160+02:00
roll,1,Sand,6.0,500,9.010,-210.1616,8.1054,-83.7730,-210.0708,8.1591,-83.7730,Sand,0.0907,1,0.4645,2,2026-05-19T06:14:50.3752260+02:00
roll,1,Sand,6.0,2700,9.056,-210.2349,8.0692,-83.7730,-210.1279,8.1240,-83.7730,Sand,0.1070,1,0.4892,1,2026-05-19T06:14:50.6956780+02:00
roll,1,Sand,6.0,2700,9.016,-210.1698,8.1016,-83.7730,-210.0759,8.1560,-83.7730,Sand,0.0938,1,0.4681,2,2026-05-19T06:14:51.0165830+02:00
roll,1,Sand,9.0,500,11.654,-209.9835,8.2277,-83.7730,-209.8597,8.2933,-83.7730,Sand,0.1239,1,0.3664,1,2026-05-19T06:14:51.3558210+02:00
roll,1,Sand,9.0,500,11.629,-209.9257,8.2677,-83.7730,-209.7959,8.3334,-83.7730,Sand,0.1298,1,0.3661,2,2026-05-19T06:14:51.6870570+02:00
roll,1,Sand,9.0,2700,11.658,-209.9909,8.2247,-83.7730,-209.8620,8.2917,-83.7730,Sand,0.1289,1,0.3704,1,2026-05-19T06:14:52.0115130+02:00
roll,1,Sand,9.0,2700,11.633,-209.9329,8.2648,-83.7730,-209.7985,8.3319,-83.7730,Sand,0.1343,1,0.3696,2,2026-05-19T06:14:52.3470990+02:00
roll,1,Sand,12.0,500,14.638,-209.8705,8.3051,-83.7730,-209.6931,8.4183,-83.7730,Sand,0.1774,2,0.3936,1,2026-05-19T06:14:52.6645600+02:00
roll,1,Sand,12.0,500,14.622,-209.8163,8.3374,-83.7730,-209.6453,8.4485,-83.7730,Sand,0.1710,2,0.3860,2,2026-05-19T06:14:53.0090020+02:00
roll,1,Sand,12.0,2700,14.634,-209.8631,8.3080,-83.7730,-209.6922,8.4188,-83.7730,Sand,0.1708,2,0.3933,1,2026-05-19T06:14:53.3484900+02:00
roll,1,Sand,12.0,2700,14.619,-209.8092,8.3402,-83.7730,-209.6448,8.4488,-83.7730,Sand,0.1644,2,0.3857,2,2026-05-19T06:14:53.6691230+02:00
roll,1,Sand,15.0,500,17.821,-209.8104,8.3612,-83.7730,-209.5003,8.5400,-83.7730,Sand,0.3102,2,0.5850,1,2026-05-19T06:14:53.9829710+02:00
roll,1,Sand,15.0,500,17.811,-209.7583,8.3857,-83.7730,-209.4714,8.5582,-83.7730,Sand,0.2869,2,0.5711,2,2026-05-19T06:14:54.3026260+02:00
roll,1,Sand,15.0,2700,17.816,-209.7974,8.3661,-83.7730,-209.4994,8.5405,-83.7730,Sand,0.2980,2,0.5865,1,2026-05-19T06:14:54.6294350+02:00
roll,1,Sand,15.0,2700,17.806,-209.7458,8.3904,-83.7730,-209.4721,8.5577,-83.7730,Sand,0.2737,2,0.5722,2,2026-05-19T06:14:54.9749480+02:00
roll,1,Sand,20.0,500,23.414,-209.7600,8.3551,-83.7730,-209.5312,8.5205,-83.7730,Sand,0.2289,2,0.7438,1,2026-05-19T06:14:55.2900240+02:00
roll,1,Sand,20.0,500,23.407,-209.7098,8.4182,-83.7730,-209.2708,8.6334,-83.7730,Sand,0.4389,2,0.8087,2,2026-05-19T06:14:55.6340650+02:00
roll,1,Sand,20.0,2700,23.410,-209.7482,8.4113,-83.7730,-209.2573,8.6328,-83.7730,Sand,0.4908,2,0.8322,1,2026-05-19T06:14:55.9488700+02:00
roll,1,Sand,20.0,2700,23.404,-209.6984,8.4222,-83.7730,-209.2783,8.6337,-83.7730,Sand,0.4201,2,0.8057,2,2026-05-19T06:14:56.2667200+02:00
roll,1,Sand,25.0,500,29.019,-209.7357,8.3825,-83.7730,-209.2647,8.6331,-83.7730,Sand,0.4710,2,0.9689,1,2026-05-19T06:14:56.6112380+02:00
roll,1,Sand,25.0,500,29.016,-209.6864,8.4456,-83.7730,-209.0493,8.6243,-83.7730,Sand,0.6370,2,1.0119,2,2026-05-19T06:14:56.9245490+02:00
roll,1,Sand,25.0,2700,29.016,-209.7251,8.3862,-83.7730,-209.2873,8.6341,-83.7730,Sand,0.4378,2,0.9635,1,2026-05-19T06:14:57.2771580+02:00
roll,1,Sand,25.0,2700,29.013,-209.6761,8.4493,-83.7730,-209.0596,8.6247,-83.7730,Sand,0.6165,2,1.0097,2,2026-05-19T06:14:57.5955550+02:00
roll,1,CartPath,3.0,500,15.495,-275.9379,12.7752,-79.7730,-273.3897,12.5136,-79.7730,Fairway,2.5482,6,4.6294,1,2026-05-19T06:14:57.9284710+02:00
roll,1,CartPath,3.0,500,15.501,-275.8359,12.7647,-79.7730,-273.2867,12.5028,-79.7730,Fairway,2.5492,6,4.6301,2,2026-05-19T06:14:58.2844580+02:00
roll,1,CartPath,3.0,2700,15.491,-276.0396,12.7868,-79.7730,-273.4756,12.5234,-79.7730,Fairway,2.5639,6,4.6266,1,2026-05-19T06:14:58.6424420+02:00
roll,1,CartPath,3.0,2700,15.497,-275.9373,12.7742,-79.7730,-273.3719,12.5116,-79.7730,Fairway,2.5654,6,4.6308,2,2026-05-19T06:14:59.0029870+02:00
roll,1,CartPath,6.0,500,16.487,-272.3450,12.3738,-79.7730,-267.3710,11.8503,-79.7730,Fairway,4.9740,6,4.6845,1,2026-05-19T06:14:59.3722860+02:00
roll,1,CartPath,6.0,500,16.492,-272.2410,12.3624,-79.7730,-267.2658,11.8391,-79.7730,Fairway,4.9752,6,4.6859,2,2026-05-19T06:14:59.7206730+02:00
roll,1,CartPath,6.0,2700,16.485,-272.4200,12.3817,-79.7730,-267.3282,11.8456,-79.7730,Fairway,5.0918,6,4.6771,1,2026-05-19T06:15:00.0771810+02:00
roll,1,CartPath,6.0,2700,16.490,-272.3159,12.3700,-79.7730,-267.2226,11.8344,-79.7730,Fairway,5.0932,6,4.6785,2,2026-05-19T06:15:00.4219700+02:00
roll,1,CartPath,9.0,500,17.866,-269.3652,12.0428,-79.7730,-261.8795,11.3017,-79.7730,Fairway,7.4858,6,4.7308,1,2026-05-19T06:15:00.7663030+02:00
roll,1,CartPath,9.0,500,17.870,-269.2592,12.0320,-79.7730,-261.7724,11.2917,-79.7730,Fairway,7.4868,6,4.7328,2,2026-05-19T06:15:01.1014060+02:00
roll,1,CartPath,9.0,2700,17.863,-269.2652,12.0340,-79.7730,-261.5090,11.2675,-79.7730,Fairway,7.7562,6,4.7109,1,2026-05-19T06:15:01.4525570+02:00
roll,1,CartPath,9.0,2700,17.868,-269.1585,12.0183,-79.7730,-261.4041,11.2580,-79.7730,Fairway,7.7545,6,4.7099,2,2026-05-19T06:15:01.7922110+02:00
roll,1,CartPath,12.0,500,19.608,-266.8884,11.7744,-79.7730,-256.7462,10.8762,-79.7730,Fairway,10.1422,6,4.7700,1,2026-05-19T06:15:02.1234340+02:00
roll,1,CartPath,12.0,500,19.612,-266.7809,11.7635,-79.7730,-256.6390,10.8683,-79.7730,Fairway,10.1419,6,4.7702,2,2026-05-19T06:15:02.4590420+02:00
roll,1,CartPath,12.0,2700,19.590,-266.3418,11.7197,-79.7730,-255.8417,10.8109,-79.7730,Fairway,10.5001,6,4.7239,1,2026-05-19T06:15:02.7962940+02:00
roll,1,CartPath,12.0,2700,19.594,-266.2339,11.7094,-79.7730,-255.7337,10.8033,-79.7730,Fairway,10.5002,6,4.7253,2,2026-05-19T06:15:03.1298550+02:00
roll,1,CartPath,15.0,500,21.812,-264.7932,11.5611,-79.7730,-251.6317,10.5503,-79.7730,Fairway,13.1615,6,4.8231,1,2026-05-19T06:15:03.4669480+02:00
roll,1,CartPath,15.0,500,21.816,-264.6844,11.5452,-79.7730,-251.5298,10.5448,-79.7730,Fairway,13.1546,6,4.8195,2,2026-05-19T06:15:03.8128320+02:00
roll,1,CartPath,15.0,2700,21.773,-263.9459,11.4727,-79.7730,-250.5088,10.4912,-79.7730,Fairway,13.4371,6,4.7408,1,2026-05-19T06:15:04.1515980+02:00
roll,1,CartPath,15.0,2700,21.776,-263.8365,11.4630,-79.7730,-250.4005,10.4859,-79.7730,Fairway,13.4361,6,4.7401,2,2026-05-19T06:15:04.4927650+02:00
roll,1,CartPath,20.0,500,26.192,-261.9757,11.2887,-79.7730,-243.0236,10.1930,-79.7730,Fairway,18.9522,6,5.7197,1,2026-05-19T06:15:04.8477950+02:00
roll,1,CartPath,20.0,500,26.195,-261.8652,11.2787,-79.7730,-242.9179,10.1901,-79.7730,Fairway,18.9473,6,5.7180,2,2026-05-19T06:15:05.1824420+02:00
roll,1,CartPath,20.0,2700,26.132,-260.8777,11.1881,-79.7730,-241.8827,10.1590,-79.7730,Fairway,18.9950,6,5.7948,1,2026-05-19T06:15:05.6462130+02:00
roll,1,CartPath,20.0,2700,26.134,-260.7676,11.1796,-79.7730,-241.7763,10.1559,-79.7730,Fairway,18.9914,6,5.7984,2,2026-05-19T06:15:06.1383220+02:00
roll,1,CartPath,25.0,500,30.552,-260.0048,11.1068,-79.7730,-236.2620,10.0949,-79.7730,Green,23.7427,5,4.9417,1,2026-05-19T06:15:06.5156690+02:00
roll,1,CartPath,25.0,500,30.553,-259.8946,11.0979,-79.7730,-236.1570,10.0923,-79.7730,Green,23.7376,5,4.9411,2,2026-05-19T06:15:06.9006750+02:00
roll,1,CartPath,25.0,2700,30.459,-258.7473,11.0085,-79.7730,-237.6927,10.1313,-79.7730,Green,21.0546,5,4.1501,1,2026-05-19T06:15:07.2783740+02:00
roll,1,CartPath,25.0,2700,30.460,-258.6356,11.0000,-79.7730,-237.5886,10.1287,-79.7730,Green,21.0470,5,4.1543,2,2026-05-19T06:15:07.6466070+02:00
putt,1,Green,0.5,0,0.500,-238.4077,10.2602,-75.7730,-237.5145,10.2600,-75.7730,Green,0.8932,0,4.9363,1,2026-05-19T06:15:07.9807710+02:00
putt,1,Green,0.5,0,0.500,-238.4077,10.2602,-75.7730,-237.5145,10.2600,-75.7730,Green,0.8932,0,4.9363,2,2026-05-19T06:15:08.3201280+02:00
putt,1,Green,0.5,0,0.500,-238.4077,10.2602,-75.7730,-237.5145,10.2600,-75.7730,Green,0.8932,0,4.9363,3,2026-05-19T06:15:08.6742740+02:00
putt,1,Green,1.0,0,1.000,-238.4077,10.2602,-75.7730,-236.5242,10.2362,-75.7730,Green,1.8834,0,6.3151,1,2026-05-19T06:15:09.0077610+02:00
putt,1,Green,1.0,0,1.000,-238.4077,10.2602,-75.7730,-236.5242,10.2362,-75.7730,Green,1.8834,0,6.3151,2,2026-05-19T06:15:09.3697800+02:00
putt,1,Green,1.0,0,1.000,-238.4077,10.2602,-75.7730,-236.5242,10.2362,-75.7730,Green,1.8834,0,6.3151,3,2026-05-19T06:15:09.7240380+02:00
putt,1,Green,1.8,0,1.830,-238.4077,10.2602,-75.7730,-234.8743,10.1964,-75.7730,Green,3.5333,0,7.5190,1,2026-05-19T06:15:10.0828820+02:00
putt,1,Green,1.8,0,1.830,-238.4077,10.2602,-75.7730,-234.8743,10.1964,-75.7730,Green,3.5333,0,7.5190,2,2026-05-19T06:15:10.4140520+02:00
putt,1,Green,1.8,0,1.830,-238.4077,10.2602,-75.7730,-234.8743,10.1964,-75.7730,Green,3.5333,0,7.5190,3,2026-05-19T06:15:10.7458520+02:00
putt,1,Green,2.5,0,2.500,-238.4077,10.2602,-75.7730,-233.5403,10.1630,-75.7730,Green,4.8674,0,8.1397,1,2026-05-19T06:15:11.0787690+02:00
putt,1,Green,2.5,0,2.500,-238.4077,10.2602,-75.7730,-233.5403,10.1630,-75.7730,Green,4.8674,0,8.1397,2,2026-05-19T06:15:11.4330640+02:00
putt,1,Green,2.5,0,2.500,-238.4077,10.2602,-75.7730,-233.5403,10.1630,-75.7730,Green,4.8674,0,8.1397,3,2026-05-19T06:15:11.7778170+02:00
putt,1,Green,3.5,0,3.500,-238.4077,10.2602,-75.7730,-231.5481,10.1129,-75.7730,Green,6.8596,0,8.8145,1,2026-05-19T06:15:12.1371860+02:00
putt,1,Green,3.5,0,3.500,-238.4077,10.2602,-75.7730,-231.5481,10.1129,-75.7730,Green,6.8596,0,8.8145,2,2026-05-19T06:15:12.4797180+02:00
putt,1,Green,3.5,0,3.500,-238.4077,10.2602,-75.7730,-231.5481,10.1129,-75.7730,Green,6.8596,0,8.8145,3,2026-05-19T06:15:12.8151330+02:00
putt,1,Green,5.0,0,5.000,-238.4077,10.2602,-75.7730,-228.5580,10.0314,-75.7730,Green,9.8496,0,9.5268,1,2026-05-19T06:15:13.1459420+02:00
putt,1,Green,5.0,0,5.000,-238.4077,10.2602,-75.7730,-228.5580,10.0314,-75.7730,Green,9.8496,0,9.5268,2,2026-05-19T06:15:13.4764620+02:00
putt,1,Green,5.0,0,5.000,-238.4077,10.2602,-75.7730,-228.5580,10.0314,-75.7730,Green,9.8496,0,9.5268,3,2026-05-19T06:15:13.8077530+02:00
putt,1,Green,7.0,0,7.000,-238.4077,10.2602,-75.7730,-224.5705,9.9055,-75.7730,Green,13.8371,0,10.1975,1,2026-05-19T06:15:14.1668240+02:00
putt,1,Green,7.0,0,7.000,-238.4077,10.2602,-75.7730,-224.5705,9.9055,-75.7730,Green,13.8371,0,10.1975,2,2026-05-19T06:15:14.4983300+02:00
putt,1,Green,7.0,0,7.000,-238.4077,10.2602,-75.7730,-224.5705,9.9055,-75.7730,Green,13.8371,0,10.1975,3,2026-05-19T06:15:14.8490880+02:00
putt,1,Fairway,0.5,0,0.500,-280.4077,9.0233,-133.7730,-279.8852,8.9725,-133.7730,Fairway,0.5225,1,3.4021,1,2026-05-19T06:15:15.1820280+02:00
putt,1,Fairway,0.5,0,0.500,-280.4077,9.0233,-133.7730,-279.8852,8.9725,-133.7730,Fairway,0.5225,1,3.4021,2,2026-05-19T06:15:15.5148630+02:00
putt,1,Fairway,0.5,0,0.500,-280.4077,9.0233,-133.7730,-279.8852,8.9725,-133.7730,Fairway,0.5225,1,3.4021,3,2026-05-19T06:15:15.8659450+02:00
putt,1,Fairway,1.0,0,1.000,-280.4077,9.0233,-133.7730,-278.9139,8.8405,-133.7730,Fairway,1.4938,1,6.3545,1,2026-05-19T06:15:16.1953630+02:00
putt,1,Fairway,1.0,0,1.000,-280.4077,9.0233,-133.7730,-278.9139,8.8405,-133.7730,Fairway,1.4938,1,6.3545,2,2026-05-19T06:15:16.5445230+02:00
putt,1,Fairway,1.0,0,1.000,-280.4077,9.0233,-133.7730,-278.9139,8.8405,-133.7730,Fairway,1.4938,1,6.3545,3,2026-05-19T06:15:16.8894740+02:00
putt,1,Fairway,1.8,0,1.830,-280.4077,9.0233,-133.7730,-277.2532,8.6113,-133.7730,Fairway,3.1544,1,8.9636,1,2026-05-19T06:15:17.2333080+02:00
putt,1,Fairway,1.8,0,1.830,-280.4077,9.0233,-133.7730,-277.2532,8.6113,-133.7730,Fairway,3.1544,1,8.9636,2,2026-05-19T06:15:17.5772440+02:00
putt,1,Fairway,1.8,0,1.830,-280.4077,9.0233,-133.7730,-277.2532,8.6113,-133.7730,Fairway,3.1544,1,8.9636,3,2026-05-19T06:15:17.9091870+02:00
putt,1,Fairway,2.5,0,2.500,-280.4077,9.0233,-133.7730,-275.8813,8.4224,-133.7730,Fairway,4.5264,1,10.3230,1,2026-05-19T06:15:18.2555220+02:00
putt,1,Fairway,2.5,0,2.500,-280.4077,9.0233,-133.7730,-275.8813,8.4224,-133.7730,Fairway,4.5264,1,10.3230,2,2026-05-19T06:15:18.5940700+02:00
putt,1,Fairway,2.5,0,2.500,-280.4077,9.0233,-133.7730,-275.8813,8.4224,-133.7730,Fairway,4.5264,1,10.3230,3,2026-05-19T06:15:18.9434160+02:00
putt,1,Fairway,3.5,0,3.500,-280.4077,9.0233,-133.7730,-273.7913,8.1370,-133.7730,Fairway,6.6164,1,11.7989,1,2026-05-19T06:15:19.2991840+02:00
putt,1,Fairway,3.5,0,3.500,-280.4077,9.0233,-133.7730,-273.7913,8.1370,-133.7730,Fairway,6.6164,1,11.7989,2,2026-05-19T06:15:19.6445040+02:00
putt,1,Fairway,3.5,0,3.500,-280.4077,9.0233,-133.7730,-273.7913,8.1370,-133.7730,Fairway,6.6164,1,11.7989,3,2026-05-19T06:15:19.9956850+02:00
putt,1,Fairway,5.0,0,5.000,-280.4077,9.0233,-133.7730,-277.6477,8.6656,-133.7730,Fairway,2.7599,3,6.8196,1,2026-05-19T06:15:20.3399540+02:00
putt,1,Fairway,5.0,0,5.000,-280.4077,9.0233,-133.7730,-277.6477,8.6656,-133.7730,Fairway,2.7599,3,6.8196,2,2026-05-19T06:15:20.6904970+02:00
putt,1,Fairway,5.0,0,5.000,-280.4077,9.0233,-133.7730,-277.6477,8.6656,-133.7730,Fairway,2.7599,3,6.8196,3,2026-05-19T06:15:21.0184470+02:00
putt,1,Fairway,7.0,0,7.000,-280.4077,9.0233,-133.7730,-277.0472,8.5826,-133.7730,Fairway,3.3605,4,5.1455,1,2026-05-19T06:15:21.3698570+02:00
putt,1,Fairway,7.0,0,7.000,-280.4077,9.0233,-133.7730,-277.0472,8.5826,-133.7730,Fairway,3.3605,4,5.1455,2,2026-05-19T06:15:21.6955430+02:00
putt,1,Fairway,7.0,0,7.000,-280.4077,9.0233,-133.7730,-277.0472,8.5826,-133.7730,Fairway,3.3605,4,5.1455,3,2026-05-19T06:15:22.0285370+02:00
roll,9,Fairway,3.0,500,11.925,-225.8418,12.3727,-102.3231,-223.8950,12.3452,-102.3231,Fairway,1.9468,5,3.3391,1,2026-05-19T06:15:25.6366030+02:00
roll,9,Fairway,3.0,500,11.925,-225.7418,12.3727,-102.3231,-223.7901,12.3297,-102.3231,Fairway,1.9517,5,3.3499,2,2026-05-19T06:15:25.9884850+02:00
roll,9,Fairway,3.0,2700,11.926,-225.9031,12.3727,-102.3231,-224.0415,12.3679,-102.3231,Fairway,1.8616,5,3.3226,1,2026-05-19T06:15:26.3174260+02:00
roll,9,Fairway,3.0,2700,11.926,-225.8031,12.3727,-102.3231,-223.9372,12.3514,-102.3231,Fairway,1.8659,5,3.3370,2,2026-05-19T06:15:26.6386170+02:00
roll,9,Fairway,6.0,500,13.168,-223.5065,12.2650,-102.3231,-219.3027,11.6073,-102.3231,Fairway,4.2038,6,3.6840,1,2026-05-19T06:15:26.9645930+02:00
roll,9,Fairway,6.0,500,13.179,-223.3985,12.2463,-102.3231,-219.1920,11.5886,-102.3231,Fairway,4.2065,6,3.6868,2,2026-05-19T06:15:27.2918300+02:00
roll,9,Fairway,6.0,2700,13.164,-223.5864,12.2764,-102.3231,-219.4427,11.6317,-102.3231,Fairway,4.1437,6,3.6783,1,2026-05-19T06:15:27.6296370+02:00
roll,9,Fairway,6.0,2700,13.174,-223.4787,12.2609,-102.3231,-219.3301,11.6120,-102.3231,Fairway,4.1486,6,3.6822,2,2026-05-19T06:15:27.9686600+02:00
roll,9,Fairway,9.0,500,15.051,-221.6118,11.9654,-102.3231,-214.8899,10.8309,-102.3231,Fairway,6.7218,6,3.9194,1,2026-05-19T06:15:28.3129850+02:00
roll,9,Fairway,9.0,500,15.060,-221.4993,11.9488,-102.3231,-214.7707,10.8088,-102.3231,Fairway,6.7286,6,3.9234,2,2026-05-19T06:15:28.6593600+02:00
roll,9,Fairway,9.0,2700,15.050,-221.6418,11.9720,-102.3231,-214.8793,10.8285,-102.3231,Fairway,6.7625,6,3.9128,1,2026-05-19T06:15:29.0068150+02:00
roll,9,Fairway,9.0,2700,15.058,-221.5298,11.9510,-102.3231,-214.7632,10.8075,-102.3231,Fairway,6.7666,6,3.9166,2,2026-05-19T06:15:29.3459950+02:00
roll,9,Fairway,12.0,500,17.271,-220.1068,11.7180,-102.3231,-210.5182,10.0433,-102.3231,Fairway,9.5886,6,4.1689,1,2026-05-19T06:15:29.6792210+02:00
roll,9,Fairway,12.0,500,17.279,-219.9906,11.7007,-102.3231,-210.3942,10.0216,-102.3231,Fairway,9.5964,6,4.1734,2,2026-05-19T06:15:30.0019400+02:00
roll,9,Fairway,12.0,2700,17.270,-219.8786,11.6775,-102.3231,-210.1448,9.9776,-102.3231,Fairway,9.7338,6,4.1551,1,2026-05-19T06:15:30.3381770+02:00
roll,9,Fairway,12.0,2700,17.277,-219.7620,11.6613,-102.3231,-210.0175,9.9543,-102.3231,Fairway,9.7445,6,4.1620,2,2026-05-19T06:15:30.6851780+02:00
roll,9,Fairway,15.0,500,19.845,-218.8949,11.5111,-102.3231,-205.9698,9.2610,-102.3231,Fairway,12.9251,6,4.4310,1,2026-05-19T06:15:31.0300800+02:00
roll,9,Fairway,15.0,500,19.852,-218.7752,11.4946,-102.3231,-205.8408,9.2396,-102.3231,Fairway,12.9345,6,4.4345,2,2026-05-19T06:15:31.4145440+02:00
roll,9,Fairway,15.0,2700,19.835,-218.4841,11.4367,-102.3231,-205.4179,9.1702,-102.3231,Fairway,13.0662,6,4.4399,1,2026-05-19T06:15:31.7492560+02:00
roll,9,Fairway,15.0,2700,19.842,-218.3616,11.4189,-102.3231,-205.2886,9.1491,-102.3231,Fairway,13.0730,6,4.4422,2,2026-05-19T06:15:32.0760010+02:00
roll,9,Fairway,20.0,500,24.825,-217.3458,11.2342,-102.3231,-197.7281,8.0754,-102.3231,Fairway,19.6177,6,5.7315,1,2026-05-19T06:15:32.4121000+02:00
roll,9,Fairway,20.0,500,24.829,-217.2209,11.2165,-102.3231,-197.5991,8.0601,-102.3231,Fairway,19.6218,6,5.7328,2,2026-05-19T06:15:32.7542250+02:00
roll,9,Fairway,20.0,2700,24.806,-216.8162,11.1520,-102.3231,-197.1526,8.0069,-102.3231,Fairway,19.6637,6,5.7828,1,2026-05-19T06:15:33.0939110+02:00
roll,9,Fairway,20.0,2700,24.811,-216.6872,11.1194,-102.3231,-197.0372,7.9935,-102.3231,Fairway,19.6499,6,5.7782,2,2026-05-19T06:15:33.4445950+02:00
roll,9,Fairway,25.0,500,29.780,-216.3052,11.0511,-102.3231,-189.9138,7.3194,-102.3231,Fairway,26.3914,6,6.6688,1,2026-05-19T06:15:33.7651380+02:00
roll,9,Fairway,25.0,500,29.783,-216.1748,11.0328,-102.3231,-189.7878,7.3103,-102.3231,Fairway,26.3870,6,6.6687,2,2026-05-19T06:15:34.1296810+02:00
roll,9,Fairway,25.0,2700,29.747,-215.7061,10.9546,-102.3231,-189.4423,7.2855,-102.3231,Fairway,26.2638,6,6.6823,1,2026-05-19T06:15:34.4512000+02:00
roll,9,Fairway,25.0,2700,29.750,-215.5729,10.9194,-102.3231,-189.3307,7.2778,-102.3231,Fairway,26.2422,6,6.6784,2,2026-05-19T06:15:34.7888450+02:00
roll,9,Green,3.0,500,8.132,170.8355,17.5501,39.6769,171.3263,17.6023,39.6769,Green,0.4909,3,1.5051,1,2026-05-19T06:15:35.1452260+02:00
roll,9,Green,3.0,500,8.125,170.9331,17.5564,39.6769,171.4235,17.6084,39.6769,Green,0.4904,3,1.5036,2,2026-05-19T06:15:35.4557960+02:00
roll,9,Green,3.0,2700,8.134,170.8199,17.5493,39.6769,171.3037,17.6009,39.6769,Green,0.4838,3,1.5070,1,2026-05-19T06:15:35.7770970+02:00
roll,9,Green,3.0,2700,8.127,170.9175,17.5556,39.6769,171.4010,17.6070,39.6769,Green,0.4834,3,1.5055,2,2026-05-19T06:15:36.0962490+02:00
roll,9,Green,6.0,500,9.895,171.9023,17.6170,39.6769,173.0120,17.7059,39.6769,Green,1.1097,3,3.0121,1,2026-05-19T06:15:36.4334620+02:00
roll,9,Green,6.0,500,9.890,171.9980,17.6231,39.6769,173.1071,17.7117,39.6769,Green,1.1091,3,3.0108,2,2026-05-19T06:15:36.7520250+02:00
roll,9,Green,6.0,2700,9.898,171.8809,17.6162,39.6769,172.9845,17.7042,39.6769,Green,1.1036,3,2.9870,1,2026-05-19T06:15:37.0773890+02:00
roll,9,Green,6.0,2700,9.892,171.9767,17.6223,39.6769,173.0797,17.7100,39.6769,Green,1.1030,3,2.9857,2,2026-05-19T06:15:37.4075320+02:00
roll,9,Green,9.0,500,12.336,172.5252,17.6557,39.6769,174.3620,17.7877,39.6769,Green,1.8368,3,4.0906,1,2026-05-19T06:15:37.7335030+02:00
roll,9,Green,9.0,500,12.332,172.6194,17.6618,39.6769,174.4557,17.7934,39.6769,Green,1.8363,3,4.0896,2,2026-05-19T06:15:38.0583770+02:00
roll,9,Green,9.0,2700,12.338,172.5039,17.6551,39.6769,174.3410,17.7865,39.6769,Green,1.8372,3,4.0815,1,2026-05-19T06:15:38.3805670+02:00
roll,9,Green,9.0,2700,12.335,172.5982,17.6612,39.6769,174.4347,17.7921,39.6769,Green,1.8365,3,4.0804,2,2026-05-19T06:15:38.7060210+02:00
roll,9,Green,12.0,500,15.129,172.8966,17.6794,39.6769,175.2704,17.8421,39.6769,Green,2.3738,4,1.5155,1,2026-05-19T06:15:39.0222440+02:00
roll,9,Green,12.0,500,15.127,172.9898,17.6856,39.6769,175.3630,17.8477,39.6769,Green,2.3732,4,1.5146,2,2026-05-19T06:15:39.3673240+02:00
roll,9,Green,12.0,2700,15.125,172.9273,17.6802,39.6769,175.2895,17.8433,39.6769,Green,2.3623,4,1.5031,1,2026-05-19T06:15:39.6953140+02:00
roll,9,Green,12.0,2700,15.123,173.0203,17.6863,39.6769,175.3820,17.8488,39.6769,Green,2.3617,4,1.5023,2,2026-05-19T06:15:40.0126040+02:00
roll,9,Green,15.0,500,18.165,173.1278,17.6947,39.6769,176.4383,17.9120,39.6769,Green,3.3105,4,1.8375,1,2026-05-19T06:15:40.3373740+02:00
roll,9,Green,15.0,500,18.163,173.2203,17.7009,39.6769,176.5301,17.9175,39.6769,Green,3.3098,4,1.8366,2,2026-05-19T06:15:40.6546320+02:00
roll,9,Green,15.0,2700,18.157,173.1850,17.6960,39.6769,176.4605,17.9133,39.6769,Green,3.2755,4,1.8375,1,2026-05-19T06:15:40.9754430+02:00
roll,9,Green,15.0,2700,18.155,173.2773,17.7021,39.6769,176.5516,17.9188,39.6769,Green,3.2743,4,1.8354,2,2026-05-19T06:15:41.3084230+02:00
roll,9,Green,20.0,500,23.642,173.3500,17.7063,39.6769,178.6906,18.0478,39.6769,Green,5.3406,4,2.7745,1,2026-05-19T06:15:41.6356120+02:00
roll,9,Green,20.0,500,23.640,173.4417,17.7125,39.6769,178.7811,18.0533,39.6769,Green,5.3394,4,2.7728,2,2026-05-19T06:15:41.9616750+02:00
roll,9,Green,20.0,2700,23.635,173.4073,17.7125,39.6769,178.6888,18.0477,39.6769,Green,5.2816,4,2.7698,1,2026-05-19T06:15:42.2874660+02:00
roll,9,Green,20.0,2700,23.634,173.4989,17.7185,39.6769,178.7799,18.0532,39.6769,Green,5.2810,4,2.7692,2,2026-05-19T06:15:42.6216190+02:00
roll,9,Green,25.0,500,29.133,173.4672,17.7167,39.6769,181.2551,18.2062,39.6769,Green,7.7878,4,3.5497,1,2026-05-19T06:15:42.9406740+02:00
roll,9,Green,25.0,500,29.132,173.5586,17.7227,39.6769,181.3449,18.2119,39.6769,Green,7.7863,4,3.5481,2,2026-05-19T06:15:43.2596430+02:00
roll,9,Green,25.0,2700,29.126,173.5213,17.7177,39.6769,181.2147,18.2037,39.6769,Green,7.6934,4,3.5384,1,2026-05-19T06:15:43.5864120+02:00
roll,9,Green,25.0,2700,29.126,173.6125,17.7237,39.6769,181.3057,18.2094,39.6769,Green,7.6931,4,3.5379,2,2026-05-19T06:15:43.9132620+02:00
roll,9,Tee,3.0,500,10.501,-206.3431,8.4856,-44.3231,-203.5885,8.5069,-44.3231,Tee,2.7545,5,5.2665,1,2026-05-19T06:15:44.2382280+02:00
roll,9,Tee,3.0,500,10.501,-206.2431,8.4856,-44.3231,-203.4885,8.5069,-44.3231,Tee,2.7545,5,5.2665,2,2026-05-19T06:15:44.5821270+02:00
roll,9,Tee,3.0,2700,10.502,-206.3827,8.4856,-44.3231,-203.7386,8.5069,-44.3231,Tee,2.6440,5,5.0504,1,2026-05-19T06:15:44.9164050+02:00
roll,9,Tee,3.0,2700,10.502,-206.2827,8.4856,-44.3231,-203.6386,8.5069,-44.3231,Tee,2.6440,5,5.0504,2,2026-05-19T06:15:45.2509610+02:00
roll,9,Tee,6.0,500,11.880,-204.5074,8.4856,-44.3231,-199.2140,8.4677,-44.3231,Fairway,5.2934,5,5.5332,1,2026-05-19T06:15:45.6040730+02:00
roll,9,Tee,6.0,500,11.880,-204.4074,8.4856,-44.3231,-199.1073,8.4452,-44.3231,Fairway,5.3001,5,5.5466,2,2026-05-19T06:15:45.9534580+02:00
roll,9,Tee,6.0,2700,11.882,-204.5605,8.4856,-44.3231,-199.1497,8.4536,-44.3231,Fairway,5.4108,5,6.3253,1,2026-05-19T06:15:46.2959470+02:00
roll,9,Tee,6.0,2700,11.882,-204.4604,8.4856,-44.3231,-199.2378,8.4719,-44.3231,Fairway,5.2227,5,5.4712,2,2026-05-19T06:15:46.6313790+02:00
roll,9,Tee,9.0,500,13.867,-203.2308,8.4856,-44.3231,-195.3840,7.9634,-44.3231,Fairway,7.8468,5,5.5116,1,2026-05-19T06:15:46.9732620+02:00
roll,9,Tee,9.0,500,13.867,-203.1308,8.4856,-44.3231,-195.2802,7.9596,-44.3231,Fairway,7.8506,5,5.5133,2,2026-05-19T06:15:47.3101040+02:00
roll,9,Tee,9.0,2700,13.870,-203.2659,8.4856,-44.3231,-195.4199,7.9645,-44.3231,Fairway,7.8460,5,5.5098,1,2026-05-19T06:15:47.6480110+02:00
roll,9,Tee,9.0,2700,13.870,-203.1658,8.4856,-44.3231,-195.3161,7.9609,-44.3231,Fairway,7.8498,5,5.5116,2,2026-05-19T06:15:47.9890460+02:00
roll,9,Tee,12.0,500,16.256,-202.3411,8.4856,-44.3231,-191.2491,7.8179,-44.3231,Fairway,11.0920,5,6.6750,1,2026-05-19T06:15:48.3344500+02:00
roll,9,Tee,12.0,500,16.256,-202.2411,8.4856,-44.3231,-191.1442,7.7114,-44.3231,Fairway,11.0969,5,6.6766,2,2026-05-19T06:15:48.6629920+02:00
roll,9,Tee,12.0,2700,16.246,-202.2383,8.4856,-44.3231,-191.0947,7.6443,-44.3231,Fairway,11.1436,5,6.7185,1,2026-05-19T06:15:48.9937370+02:00
roll,9,Tee,12.0,2700,16.246,-202.1383,8.4856,-44.3231,-190.9901,7.5032,-44.3231,Fairway,11.1482,5,6.7198,2,2026-05-19T06:15:49.3364590+02:00
roll,9,Tee,15.0,500,18.991,-201.7109,8.4856,-44.3231,-186.8723,7.6706,-44.3231,Fairway,14.8385,5,7.4540,1,2026-05-19T06:15:49.6780100+02:00
roll,9,Tee,15.0,500,18.991,-201.6109,8.4856,-44.3231,-186.7756,7.6675,-44.3231,Fairway,14.8352,5,7.4741,2,2026-05-19T06:15:50.0141380+02:00
roll,9,Tee,15.0,2700,18.972,-201.5282,8.4856,-44.3231,-186.6999,7.6647,-44.3231,Fairway,14.8283,5,7.5202,1,2026-05-19T06:15:50.3538100+02:00
roll,9,Tee,15.0,2700,18.972,-201.4282,8.4856,-44.3231,-186.6052,7.6618,-44.3231,Fairway,14.8230,5,7.5257,2,2026-05-19T06:15:50.6899430+02:00
roll,9,Tee,20.0,500,24.191,-201.0193,8.4856,-44.3231,-179.0940,6.5661,-44.3231,Water,21.9253,3,3.8114,1,2026-05-19T06:15:51.0313490+02:00
roll,9,Tee,20.0,500,24.191,-200.9193,8.4856,-44.3231,-178.9865,6.5661,-44.3231,Water,21.9328,3,3.8117,2,2026-05-19T06:15:51.3713570+02:00
roll,9,Tee,20.0,2700,24.172,-200.8179,8.4856,-44.3231,-179.0124,6.5661,-44.3231,Water,21.8055,3,3.7507,1,2026-05-19T06:15:51.7055840+02:00
roll,9,Tee,20.0,2700,24.172,-200.7178,8.4856,-44.3231,-178.9074,6.5661,-44.3231,Water,21.8105,3,3.7504,2,2026-05-19T06:15:52.0194530+02:00
roll,9,Tee,25.0,500,29.417,-200.6175,8.4856,-44.3231,-176.6934,6.5661,-44.3231,Water,23.9240,1,2.3652,1,2026-05-19T06:15:52.3482970+02:00
roll,9,Tee,25.0,500,29.417,-200.5175,8.4856,-44.3231,-176.5934,6.5661,-44.3231,Water,23.9240,1,2.3652,2,2026-05-19T06:15:52.6762600+02:00
roll,9,Tee,25.0,2700,29.396,-200.4149,8.4856,-44.3231,-176.7150,6.5661,-44.3231,Water,23.7000,1,2.3208,1,2026-05-19T06:15:52.9914680+02:00
roll,9,Tee,25.0,2700,29.396,-200.3149,8.4856,-44.3231,-176.6150,6.5661,-44.3231,Water,23.7000,1,2.3208,2,2026-05-19T06:15:53.3282770+02:00
roll,9,Sand,3.0,500,9.244,-14.7799,11.5959,39.6769,-14.6578,11.5823,39.6769,Sand,0.1221,1,1.0243,1,2026-05-19T06:15:53.6574640+02:00
roll,9,Sand,3.0,500,9.256,-14.6756,11.5838,39.6769,-14.5532,11.5697,39.6769,Sand,0.1224,1,1.0265,2,2026-05-19T06:15:53.9980460+02:00
roll,9,Sand,3.0,2700,9.241,-14.8062,11.5999,39.6769,-14.6867,11.5858,39.6769,Sand,0.1195,1,1.0233,1,2026-05-19T06:15:54.3232110+02:00
roll,9,Sand,3.0,2700,9.253,-14.7021,11.5864,39.6769,-14.5827,11.5733,39.6769,Sand,0.1193,1,1.0244,2,2026-05-19T06:15:54.6560890+02:00
roll,9,Sand,6.0,500,10.919,-13.2658,11.4926,39.6769,-13.0185,11.4884,39.6769,Sand,0.2473,1,0.9194,1,2026-05-19T06:15:54.9859100+02:00
roll,9,Sand,6.0,500,10.921,-13.1646,11.4907,39.6769,-12.9173,11.4865,39.6769,Sand,0.2473,1,0.9197,2,2026-05-19T06:15:55.3200190+02:00
roll,9,Sand,6.0,2700,10.920,-13.3030,11.4934,39.6769,-13.0576,11.4891,39.6769,Sand,0.2455,1,0.9185,1,2026-05-19T06:15:55.6515690+02:00
roll,9,Sand,6.0,2700,10.922,-13.2019,11.4916,39.6769,-12.9564,11.4872,39.6769,Sand,0.2455,1,0.9187,2,2026-05-19T06:15:55.9731170+02:00
roll,9,Sand,9.0,500,13.125,-12.2885,11.4884,39.6769,-11.8987,11.5195,39.6769,Sand,0.3897,2,0.8773,1,2026-05-19T06:15:56.2979780+02:00
roll,9,Sand,9.0,500,13.124,-12.1907,11.4911,39.6769,-11.8010,11.5221,39.6769,Sand,0.3897,2,0.8770,2,2026-05-19T06:15:56.6286560+02:00
roll,9,Sand,9.0,2700,13.128,-12.3191,11.4871,39.6769,-11.9300,11.5187,39.6769,Sand,0.3891,2,0.8758,1,2026-05-19T06:15:56.9621010+02:00
roll,9,Sand,9.0,2700,13.126,-12.2213,11.4898,39.6769,-11.8322,11.5213,39.6769,Sand,0.3891,2,0.8756,2,2026-05-19T06:15:57.2939360+02:00
roll,9,Sand,12.0,500,15.697,-11.6612,11.5051,39.6769,-11.1370,11.5731,39.6769,Sand,0.5242,2,0.8163,1,2026-05-19T06:15:57.6466640+02:00
roll,9,Sand,12.0,500,15.696,-11.5639,11.5078,39.6769,-11.0495,11.5830,39.6769,Sand,0.5145,2,0.8103,2,2026-05-19T06:15:57.9906810+02:00
roll,9,Sand,12.0,2700,15.691,-11.5992,11.5071,39.6769,-11.0813,11.5794,39.6769,Sand,0.5178,2,0.8195,1,2026-05-19T06:15:58.3123180+02:00
roll,9,Sand,12.0,2700,15.689,-11.5037,11.5152,39.6769,-10.9883,11.5900,39.6769,Sand,0.5154,2,0.8212,2,2026-05-19T06:15:58.6391210+02:00
roll,9,Sand,15.0,500,18.565,-11.2672,11.5378,39.6769,-10.5233,11.6426,39.6769,Sand,0.7439,2,0.9820,1,2026-05-19T06:15:58.9874260+02:00
roll,9,Sand,15.0,500,18.562,-11.1792,11.5491,39.6769,-10.4339,11.6528,39.6769,Sand,0.7454,2,0.9818,2,2026-05-19T06:15:59.3166600+02:00
roll,9,Sand,15.0,2700,18.549,-11.1657,11.5491,39.6769,-10.4274,11.6535,39.6769,Sand,0.7383,2,0.9935,1,2026-05-19T06:15:59.6703860+02:00
roll,9,Sand,15.0,2700,18.546,-11.0782,11.5604,39.6769,-10.3389,11.6711,39.6769,Sand,0.7392,2,0.9931,2,2026-05-19T06:16:00.0203090+02:00
roll,9,Sand,20.0,500,23.896,-10.8813,11.5847,39.6769,-9.6587,11.7392,39.6769,Sand,1.2226,2,1.2402,1,2026-05-19T06:16:00.3412290+02:00
roll,9,Sand,20.0,500,23.894,-10.7949,11.5960,39.6769,-9.5654,11.7468,39.6769,Sand,1.2296,2,1.2419,2,2026-05-19T06:16:00.6788920+02:00
roll,9,Sand,20.0,2700,23.882,-10.7773,11.5981,39.6769,-9.5632,11.7469,39.6769,Sand,1.2141,2,1.2471,1,2026-05-19T06:16:01.0027170+02:00
roll,9,Sand,20.0,2700,23.880,-10.6914,11.6094,39.6769,-9.4700,11.7545,39.6769,Sand,1.2213,2,1.2488,2,2026-05-19T06:16:01.3301090+02:00
roll,9,Sand,25.0,500,29.262,-10.6717,11.6091,39.6769,-8.8516,11.8127,39.6769,Sand,1.8201,2,1.4671,1,2026-05-19T06:16:01.6868310+02:00
roll,9,Sand,25.0,500,29.261,-10.5862,11.6204,39.6769,-8.7587,11.8285,39.6769,Sand,1.8275,2,1.4686,2,2026-05-19T06:16:02.0318040+02:00
roll,9,Sand,25.0,2700,29.249,-10.5720,11.6244,39.6769,-8.7654,11.8273,39.6769,Sand,1.8066,2,1.4726,1,2026-05-19T06:16:02.3601760+02:00
roll,9,Sand,25.0,2700,29.248,-10.4873,11.6384,39.6769,-8.6690,11.8436,39.6769,Sand,1.8183,2,1.4713,2,2026-05-19T06:16:02.7021630+02:00
roll,9,CartPath,3.0,500,18.300,-217.4247,13.8387,1.6769,-217.4247,13.8387,1.6769,OOB,0.0000,0,1.8945,1,2026-05-19T06:16:03.0279020+02:00
roll,9,CartPath,3.0,500,18.302,-217.3241,13.8349,1.6769,-217.3241,13.8349,1.6769,OOB,0.0000,0,1.8947,2,2026-05-19T06:16:03.3415630+02:00
roll,9,CartPath,3.0,2700,18.299,-217.4585,13.8394,1.6769,-217.4585,13.8394,1.6769,OOB,0.0000,0,1.8918,1,2026-05-19T06:16:03.6537720+02:00
roll,9,CartPath,3.0,2700,18.301,-217.3578,13.8359,1.6769,-217.3578,13.8359,1.6769,OOB,0.0000,0,1.8920,2,2026-05-19T06:16:03.9671570+02:00
roll,9,CartPath,6.0,500,18.991,-212.9759,13.6649,1.6769,-212.9759,13.6649,1.6769,OOB,0.0000,0,1.7614,1,2026-05-19T06:16:04.2782460+02:00
roll,9,CartPath,6.0,500,18.993,-212.8746,13.6606,1.6769,-212.8746,13.6606,1.6769,OOB,0.0000,0,1.7616,2,2026-05-19T06:16:04.5904060+02:00
roll,9,CartPath,6.0,2700,18.988,-212.9301,13.6623,1.6769,-212.9301,13.6623,1.6769,OOB,0.0000,0,1.7593,1,2026-05-19T06:16:04.9053000+02:00
roll,9,CartPath,6.0,2700,18.990,-212.8288,13.6585,1.6769,-212.8288,13.6585,1.6769,OOB,0.0000,0,1.7596,2,2026-05-19T06:16:05.2201170+02:00
roll,9,CartPath,9.0,500,20.061,-209.2357,13.5075,1.6769,-209.2357,13.5075,1.6769,OOB,0.0000,0,1.6403,1,2026-05-19T06:16:05.5308860+02:00
roll,9,CartPath,9.0,500,20.063,-209.1338,13.5030,1.6769,-209.1338,13.5030,1.6769,OOB,0.0000,0,1.6406,2,2026-05-19T06:16:05.8581760+02:00
roll,9,CartPath,9.0,2700,20.048,-208.9168,13.4932,1.6769,-208.9168,13.4932,1.6769,OOB,0.0000,0,1.6479,1,2026-05-19T06:16:06.4225630+02:00
roll,9,CartPath,9.0,2700,20.049,-208.8149,13.4891,1.6769,-208.8149,13.4891,1.6769,OOB,0.0000,0,1.6482,2,2026-05-19T06:16:06.7458540+02:00
roll,9,CartPath,12.0,500,21.527,-206.0674,13.3692,1.6769,-206.0674,13.3692,1.6769,OOB,0.0000,0,1.5272,1,2026-05-19T06:16:07.0593950+02:00
roll,9,CartPath,12.0,500,21.528,-205.9651,13.3651,1.6769,-205.9651,13.3651,1.6769,OOB,0.0000,0,1.5274,2,2026-05-19T06:16:07.3749050+02:00
roll,9,CartPath,12.0,2700,21.482,-205.1809,13.3301,1.6769,-205.1809,13.3301,1.6769,OOB,0.0000,0,1.5588,1,2026-05-19T06:16:07.7091480+02:00
roll,9,CartPath,12.0,2700,21.484,-205.0781,13.3255,1.6769,-205.0781,13.3255,1.6769,OOB,0.0000,0,1.5591,2,2026-05-19T06:16:08.0365970+02:00
roll,9,CartPath,15.0,500,23.462,-203.3162,13.2489,1.6769,-203.3162,13.2489,1.6769,OOB,0.0000,0,1.4166,1,2026-05-19T06:16:08.3583200+02:00
roll,9,CartPath,15.0,500,23.464,-203.2131,13.2444,1.6769,-203.2131,13.2444,1.6769,OOB,0.0000,0,1.4169,2,2026-05-19T06:16:08.7081670+02:00
roll,9,CartPath,15.0,2700,23.385,-202.0569,13.2126,1.6769,-175.8321,12.1458,1.6769,OOB,26.2248,1,4.0844,1,2026-05-19T06:16:09.0392800+02:00
roll,9,CartPath,15.0,2700,23.386,-201.9534,13.2082,1.6769,-175.7266,12.1410,1.6769,OOB,26.2268,1,4.0848,2,2026-05-19T06:16:09.3925550+02:00
roll,9,CartPath,20.0,500,27.331,-199.4933,13.0871,1.6769,-199.4933,13.0871,1.6769,OOB,0.0000,0,1.2476,1,2026-05-19T06:16:09.7388560+02:00
roll,9,CartPath,20.0,500,27.332,-199.3896,13.0829,1.6769,-199.3896,13.0829,1.6769,OOB,0.0000,0,1.2478,2,2026-05-19T06:16:10.1203970+02:00
roll,9,CartPath,20.0,2700,27.225,-197.8484,13.0201,1.6769,-197.8484,13.0201,1.6769,OOB,0.0000,0,1.2991,1,2026-05-19T06:16:10.5130980+02:00
roll,9,CartPath,20.0,2700,27.226,-197.7442,13.0159,1.6769,-197.7442,13.0159,1.6769,OOB,0.0000,0,1.2993,2,2026-05-19T06:16:10.8669570+02:00
roll,9,CartPath,25.0,500,31.230,-196.7394,12.9741,1.6769,-196.7394,12.9741,1.6769,OOB,0.0000,0,1.1147,1,2026-05-19T06:16:11.2217820+02:00
roll,9,CartPath,25.0,500,31.230,-196.6350,12.9699,1.6769,-196.6350,12.9699,1.6769,OOB,0.0000,0,1.1149,2,2026-05-19T06:16:11.6112390+02:00
roll,9,CartPath,25.0,2700,31.075,-194.8156,12.8967,1.6769,-194.8156,12.8967,1.6769,OOB,0.0000,0,1.1681,1,2026-05-19T06:16:11.9746050+02:00
roll,9,CartPath,25.0,2700,31.076,-194.7108,12.8926,1.6769,-194.7108,12.8926,1.6769,OOB,0.0000,0,1.1683,2,2026-05-19T06:16:12.3419490+02:00
putt,9,Green,0.5,0,0.500,169.0013,17.4335,39.6769,169.8945,17.5119,39.6769,Green,0.8932,0,4.9363,1,2026-05-19T06:16:12.7496360+02:00
putt,9,Green,0.5,0,0.500,169.0013,17.4335,39.6769,169.8945,17.5119,39.6769,Green,0.8932,0,4.9363,2,2026-05-19T06:16:13.0751940+02:00
putt,9,Green,0.5,0,0.500,169.0013,17.4335,39.6769,169.8945,17.5119,39.6769,Green,0.8932,0,4.9363,3,2026-05-19T06:16:13.4155150+02:00
putt,9,Green,1.0,0,1.000,169.0013,17.4335,39.6769,170.8847,17.5744,39.6769,Green,1.8834,0,6.3151,1,2026-05-19T06:16:13.7743070+02:00
putt,9,Green,1.0,0,1.000,169.0013,17.4335,39.6769,170.8847,17.5744,39.6769,Green,1.8834,0,6.3151,2,2026-05-19T06:16:14.1423980+02:00
putt,9,Green,1.0,0,1.000,169.0013,17.4335,39.6769,170.8847,17.5744,39.6769,Green,1.8834,0,6.3151,3,2026-05-19T06:16:14.5001840+02:00
putt,9,Green,1.8,0,1.830,169.0013,17.4335,39.6769,172.5346,17.6766,39.6769,Green,3.5333,0,7.5190,1,2026-05-19T06:16:14.8542840+02:00
putt,9,Green,1.8,0,1.830,169.0013,17.4335,39.6769,172.5346,17.6766,39.6769,Green,3.5333,0,7.5190,2,2026-05-19T06:16:15.2046400+02:00
putt,9,Green,1.8,0,1.830,169.0013,17.4335,39.6769,172.5346,17.6766,39.6769,Green,3.5333,0,7.5190,3,2026-05-19T06:16:15.5543780+02:00
putt,9,Green,2.5,0,2.500,169.0013,17.4335,39.6769,173.8687,17.7580,39.6769,Green,4.8674,0,8.1397,1,2026-05-19T06:16:15.8934190+02:00
putt,9,Green,2.5,0,2.500,169.0013,17.4335,39.6769,173.8687,17.7580,39.6769,Green,4.8674,0,8.1397,2,2026-05-19T06:16:16.2374360+02:00
putt,9,Green,2.5,0,2.500,169.0013,17.4335,39.6769,173.8687,17.7580,39.6769,Green,4.8674,0,8.1397,3,2026-05-19T06:16:16.5768840+02:00
putt,9,Green,3.5,0,3.500,169.0013,17.4335,39.6769,175.8609,17.8775,39.6769,Green,6.8596,0,8.8145,1,2026-05-19T06:16:16.9184070+02:00
putt,9,Green,3.5,0,3.500,169.0013,17.4335,39.6769,175.8609,17.8775,39.6769,Green,6.8596,0,8.8145,2,2026-05-19T06:16:17.2644960+02:00
putt,9,Green,3.5,0,3.500,169.0013,17.4335,39.6769,175.8609,17.8775,39.6769,Green,6.8596,0,8.8145,3,2026-05-19T06:16:17.6015460+02:00
putt,9,Green,5.0,0,5.000,169.0013,17.4335,39.6769,178.8510,18.0576,39.6769,Green,9.8496,0,9.5268,1,2026-05-19T06:16:17.9502160+02:00
putt,9,Green,5.0,0,5.000,169.0013,17.4335,39.6769,178.8510,18.0576,39.6769,Green,9.8496,0,9.5268,2,2026-05-19T06:16:18.2871250+02:00
putt,9,Green,5.0,0,5.000,169.0013,17.4335,39.6769,178.8510,18.0576,39.6769,Green,9.8496,0,9.5268,3,2026-05-19T06:16:18.6297880+02:00
putt,9,Green,7.0,0,7.000,169.0013,17.4335,39.6769,182.8384,18.3081,39.6769,Green,13.8371,0,10.1975,1,2026-05-19T06:16:18.9775840+02:00
putt,9,Green,7.0,0,7.000,169.0013,17.4335,39.6769,182.8384,18.3081,39.6769,Green,13.8371,0,10.1975,2,2026-05-19T06:16:19.3179920+02:00
putt,9,Green,7.0,0,7.000,169.0013,17.4335,39.6769,182.8384,18.3081,39.6769,Green,13.8371,0,10.1975,3,2026-05-19T06:16:19.6519000+02:00
putt,9,Fairway,0.5,0,0.500,-228.9987,16.5685,-102.3231,-228.2942,12.3940,-102.3231,Fairway,0.7045,5,2.6606,1,2026-05-19T06:16:19.9801260+02:00
putt,9,Fairway,0.5,0,0.500,-228.9987,16.5685,-102.3231,-228.2942,12.3940,-102.3231,Fairway,0.7045,5,2.6606,2,2026-05-19T06:16:20.3187520+02:00
putt,9,Fairway,0.5,0,0.500,-228.9987,16.5685,-102.3231,-228.2942,12.3940,-102.3231,Fairway,0.7045,5,2.6606,3,2026-05-19T06:16:20.6661680+02:00
putt,9,Fairway,1.0,0,1.000,-228.9987,16.5685,-102.3231,-227.5871,12.3940,-102.3231,Fairway,1.4116,5,2.6603,1,2026-05-19T06:16:21.0199780+02:00
putt,9,Fairway,1.0,0,1.000,-228.9987,16.5685,-102.3231,-227.5871,12.3940,-102.3231,Fairway,1.4116,5,2.6603,2,2026-05-19T06:16:21.3564160+02:00
putt,9,Fairway,1.0,0,1.000,-228.9987,16.5685,-102.3231,-227.5871,12.3940,-102.3231,Fairway,1.4116,5,2.6603,3,2026-05-19T06:16:21.7447790+02:00
putt,9,Fairway,1.8,0,1.830,-228.9987,16.5685,-102.3231,-226.4206,12.3940,-102.3231,Fairway,2.5781,5,2.6638,1,2026-05-19T06:16:22.1185080+02:00
putt,9,Fairway,1.8,0,1.830,-228.9987,16.5685,-102.3231,-226.4206,12.3940,-102.3231,Fairway,2.5781,5,2.6638,2,2026-05-19T06:16:22.4655340+02:00
putt,9,Fairway,1.8,0,1.830,-228.9987,16.5685,-102.3231,-226.4206,12.3940,-102.3231,Fairway,2.5781,5,2.6638,3,2026-05-19T06:16:22.8084530+02:00
putt,9,Fairway,2.5,0,2.500,-228.9987,16.5685,-102.3231,-225.4843,12.3940,-102.3231,Fairway,3.5144,5,2.6630,1,2026-05-19T06:16:23.1591090+02:00
putt,9,Fairway,2.5,0,2.500,-228.9987,16.5685,-102.3231,-225.4843,12.3940,-102.3231,Fairway,3.5144,5,2.6630,2,2026-05-19T06:16:23.5444790+02:00
putt,9,Fairway,2.5,0,2.500,-228.9987,16.5685,-102.3231,-225.4843,12.3940,-102.3231,Fairway,3.5144,5,2.6630,3,2026-05-19T06:16:23.9093980+02:00
putt,9,Fairway,3.5,0,3.500,-228.9987,16.5685,-102.3231,-224.0884,12.3744,-102.3231,Fairway,4.9103,5,2.6880,1,2026-05-19T06:16:24.2680220+02:00
putt,9,Fairway,3.5,0,3.500,-228.9987,16.5685,-102.3231,-224.0884,12.3744,-102.3231,Fairway,4.9103,5,2.6880,2,2026-05-19T06:16:24.6197700+02:00
putt,9,Fairway,3.5,0,3.500,-228.9987,16.5685,-102.3231,-224.0884,12.3744,-102.3231,Fairway,4.9103,5,2.6880,3,2026-05-19T06:16:25.0114560+02:00
putt,9,Fairway,5.0,0,5.000,-228.9987,16.5685,-102.3231,-221.8105,12.0228,-102.3231,Fairway,7.1882,5,2.9196,1,2026-05-19T06:16:25.3567220+02:00
putt,9,Fairway,5.0,0,5.000,-228.9987,16.5685,-102.3231,-221.8105,12.0228,-102.3231,Fairway,7.1882,5,2.9196,2,2026-05-19T06:16:25.7174930+02:00
putt,9,Fairway,5.0,0,5.000,-228.9987,16.5685,-102.3231,-221.8105,12.0228,-102.3231,Fairway,7.1882,5,2.9196,3,2026-05-19T06:16:26.0601440+02:00
putt,9,Fairway,7.0,0,7.000,-228.9987,16.5685,-102.3231,-218.5065,11.4710,-102.3231,Fairway,10.4922,5,3.6674,1,2026-05-19T06:16:26.3974650+02:00
putt,9,Fairway,7.0,0,7.000,-228.9987,16.5685,-102.3231,-218.5065,11.4710,-102.3231,Fairway,10.4922,5,3.6674,2,2026-05-19T06:16:26.7488900+02:00
putt,9,Fairway,7.0,0,7.000,-228.9987,16.5685,-102.3231,-218.5065,11.4710,-102.3231,Fairway,10.4922,5,3.6674,3,2026-05-19T06:16:27.1443990+02:00
roll,18,Fairway,3.0,500,8.262,-295.8608,5.7747,-130.5000,-294.4706,5.7960,-130.5000,Fairway,1.3901,4,2.7326,1,2026-05-19T06:16:30.6258950+02:00
roll,18,Fairway,3.0,500,8.262,-295.7607,5.7747,-130.5000,-294.3707,5.7960,-130.5000,Fairway,1.3901,4,2.7326,2,2026-05-19T06:16:30.9728450+02:00
roll,18,Fairway,3.0,2700,8.262,-295.8777,5.7747,-130.5000,-294.5177,5.7960,-130.5000,Fairway,1.3600,4,2.6600,1,2026-05-19T06:16:31.3134070+02:00
roll,18,Fairway,3.0,2700,8.262,-295.7777,5.7747,-130.5000,-294.4177,5.7960,-130.5000,Fairway,1.3600,4,2.6600,2,2026-05-19T06:16:31.6463190+02:00
roll,18,Fairway,6.0,500,10.055,-294.7071,5.7747,-130.5000,-291.9366,5.7960,-130.5000,Fairway,2.7705,5,2.2609,1,2026-05-19T06:16:31.9753400+02:00
roll,18,Fairway,6.0,500,10.055,-294.6071,5.7747,-130.5000,-291.8366,5.7960,-130.5000,Fairway,2.7705,5,2.2609,2,2026-05-19T06:16:32.3016480+02:00
roll,18,Fairway,6.0,2700,10.056,-294.7315,5.7747,-130.5000,-291.9800,5.7960,-130.5000,Fairway,2.7515,5,2.2257,1,2026-05-19T06:16:32.6321150+02:00
roll,18,Fairway,6.0,2700,10.056,-294.6315,5.7747,-130.5000,-291.8799,5.7960,-130.5000,Fairway,2.7515,5,2.2257,2,2026-05-19T06:16:32.9679340+02:00
roll,18,Fairway,9.0,500,12.477,-293.9987,5.7747,-130.5000,-289.3473,5.7960,-130.5000,Fairway,4.6513,5,3.8805,1,2026-05-19T06:16:33.3069850+02:00
roll,18,Fairway,9.0,500,12.477,-293.8987,5.7747,-130.5000,-289.2473,5.7960,-130.5000,Fairway,4.6514,5,3.8805,2,2026-05-19T06:16:33.6626680+02:00
roll,18,Fairway,9.0,2700,12.479,-294.0231,5.7747,-130.5000,-289.3742,5.7960,-130.5000,Fairway,4.6489,5,3.8690,1,2026-05-19T06:16:33.9960230+02:00
roll,18,Fairway,9.0,2700,12.479,-293.9230,5.7747,-130.5000,-289.2742,5.7960,-130.5000,Fairway,4.6489,5,3.8690,2,2026-05-19T06:16:34.3148490+02:00
roll,18,Fairway,12.0,500,15.238,-293.5577,5.7747,-130.5000,-286.6899,5.7960,-130.5000,Fairway,6.8679,5,5.0945,1,2026-05-19T06:16:34.6825640+02:00
roll,18,Fairway,12.0,500,15.238,-293.4577,5.7747,-130.5000,-286.5899,5.7960,-130.5000,Fairway,6.8678,5,5.0945,2,2026-05-19T06:16:35.0169210+02:00
roll,18,Fairway,12.0,2700,15.235,-293.5196,5.7747,-130.5000,-286.6652,5.7960,-130.5000,Fairway,6.8544,5,5.1093,1,2026-05-19T06:16:35.3659320+02:00
roll,18,Fairway,12.0,2700,15.235,-293.4196,5.7747,-130.5000,-286.5652,5.7960,-130.5000,Fairway,6.8544,5,5.1093,2,2026-05-19T06:16:35.7139280+02:00
roll,18,Fairway,15.0,500,18.246,-293.2742,5.7747,-130.5000,-283.7721,5.7960,-130.5000,Fairway,9.5021,5,6.0990,1,2026-05-19T06:16:36.0656290+02:00
roll,18,Fairway,15.0,500,18.246,-293.1743,5.7747,-130.5000,-283.6721,5.7960,-130.5000,Fairway,9.5021,5,6.0990,2,2026-05-19T06:16:36.4272980+02:00
roll,18,Fairway,15.0,2700,18.238,-293.2021,5.7747,-130.5000,-283.7604,5.7960,-130.5000,Fairway,9.4417,5,6.1123,1,2026-05-19T06:16:36.7621190+02:00
roll,18,Fairway,15.0,2700,18.238,-293.1021,5.7747,-130.5000,-283.6603,5.7960,-130.5000,Fairway,9.4418,5,6.1123,2,2026-05-19T06:16:37.1064710+02:00
roll,18,Fairway,20.0,500,23.697,-292.9933,5.7747,-130.5000,-278.0630,5.7960,-130.5000,Fairway,14.9303,5,7.4982,1,2026-05-19T06:16:37.4513340+02:00
roll,18,Fairway,20.0,500,23.697,-292.8932,5.7747,-130.5000,-277.9630,5.7960,-130.5000,Fairway,14.9303,5,7.4982,2,2026-05-19T06:16:37.7859090+02:00
roll,18,Fairway,20.0,2700,23.690,-292.9191,5.7747,-130.5000,-278.1150,5.7960,-130.5000,Fairway,14.8041,5,7.5014,1,2026-05-19T06:16:38.1131290+02:00
roll,18,Fairway,20.0,2700,23.690,-292.8191,5.7747,-130.5000,-278.0150,5.7960,-130.5000,Fairway,14.8041,5,7.5014,2,2026-05-19T06:16:38.4471800+02:00
roll,18,Fairway,25.0,500,29.162,-292.8416,5.7747,-130.5000,-271.6959,5.7960,-130.5000,Fairway,21.1457,5,8.5906,1,2026-05-19T06:16:38.7897170+02:00
roll,18,Fairway,25.0,500,29.162,-292.7415,5.7747,-130.5000,-271.5959,5.7960,-130.5000,Fairway,21.1457,5,8.5906,2,2026-05-19T06:16:39.1141620+02:00
roll,18,Fairway,25.0,2700,29.155,-292.7704,5.7747,-130.5000,-271.8087,5.7960,-130.5000,Fairway,20.9617,5,8.5829,1,2026-05-19T06:16:39.4649820+02:00
roll,18,Fairway,25.0,2700,29.155,-292.6704,5.7747,-130.5000,-271.7087,5.7960,-130.5000,Fairway,20.9617,5,8.5829,2,2026-05-19T06:16:39.8043030+02:00
roll,18,Green,3.0,500,17.456,213.4946,6.6087,23.5000,214.5803,6.6721,23.5000,Green,1.0857,4,3.9605,1,2026-05-19T06:16:40.1729530+02:00
roll,18,Green,3.0,500,17.455,213.5940,6.6126,23.5000,214.6796,6.6760,23.5000,Green,1.0856,4,3.9600,2,2026-05-19T06:16:40.4982200+02:00
roll,18,Green,3.0,2700,17.458,213.4280,6.6065,23.5000,214.5962,6.6727,23.5000,Green,1.1683,4,3.9519,1,2026-05-19T06:16:40.8217110+02:00
roll,18,Green,3.0,2700,17.456,213.5273,6.6104,23.5000,214.6953,6.6766,23.5000,Green,1.1681,4,3.9515,2,2026-05-19T06:16:41.1576620+02:00
roll,18,Green,6.0,500,18.064,217.5559,6.7669,23.5000,219.5677,6.8666,23.5000,Green,2.0118,4,3.8024,1,2026-05-19T06:16:41.4906470+02:00
roll,18,Green,6.0,500,18.062,217.6547,6.7708,23.5000,219.6670,6.8706,23.5000,Green,2.0123,4,3.8018,2,2026-05-19T06:16:41.8191400+02:00
roll,18,Green,6.0,2700,18.063,217.5430,6.7662,23.5000,219.6641,6.8704,23.5000,Green,2.1211,4,3.7840,1,2026-05-19T06:16:42.1524690+02:00
roll,18,Green,6.0,2700,18.061,217.6417,6.7701,23.5000,219.7626,6.8744,23.5000,Green,2.1209,4,3.7836,2,2026-05-19T06:16:42.4776470+02:00
roll,18,Green,9.0,500,19.103,220.8516,6.8965,23.5000,223.7900,7.0389,23.5000,Green,2.9384,4,3.6702,1,2026-05-19T06:16:42.8069460+02:00
roll,18,Green,9.0,500,19.101,220.9498,6.9005,23.5000,223.8879,7.0431,23.5000,Green,2.9381,4,3.6697,2,2026-05-19T06:16:43.1434970+02:00
roll,18,Green,9.0,2700,19.087,221.0508,6.9046,23.5000,224.1358,7.0537,23.5000,Green,3.0849,4,3.6386,1,2026-05-19T06:16:43.4744640+02:00
roll,18,Green,9.0,2700,19.086,221.1489,6.9087,23.5000,224.2334,7.0579,23.5000,Green,3.0845,4,3.6381,2,2026-05-19T06:16:43.8012720+02:00
roll,18,Green,12.0,500,20.576,223.5383,7.0082,23.5000,227.4569,7.2032,23.5000,Green,3.9185,4,3.5693,1,2026-05-19T06:16:44.1365580+02:00
roll,18,Green,12.0,500,20.575,223.6359,7.0124,23.5000,227.5540,7.2077,23.5000,Green,3.9181,4,3.5688,2,2026-05-19T06:16:44.4748800+02:00
roll,18,Green,12.0,2700,20.521,224.1954,7.0353,23.5000,228.2659,7.2420,23.5000,Green,4.0705,4,3.5210,1,2026-05-19T06:16:44.8082000+02:00
roll,18,Green,12.0,2700,20.520,224.2927,7.0395,23.5000,228.3626,7.2467,23.5000,Green,4.0699,4,3.5204,2,2026-05-19T06:16:45.1536360+02:00
roll,18,Green,15.0,500,22.571,225.7738,7.1059,23.5000,230.8224,7.3720,23.5000,Green,5.0486,4,3.4999,1,2026-05-19T06:16:45.4961040+02:00
roll,18,Green,15.0,500,22.570,225.8707,7.1105,23.5000,230.9198,7.3739,23.5000,Green,5.0491,4,3.5015,2,2026-05-19T06:16:45.8335350+02:00
roll,18,Green,15.0,2700,22.484,226.7136,7.1495,23.5000,231.8875,7.3774,23.5000,Green,5.1738,4,3.5119,1,2026-05-19T06:16:46.1639010+02:00
roll,18,Green,15.0,2700,22.482,226.8101,7.1541,23.5000,231.9866,7.3765,23.5000,Green,5.1765,4,3.5136,2,2026-05-19T06:16:46.5015960+02:00
roll,18,Green,20.0,500,26.638,228.7148,7.2441,23.5000,237.2183,7.6954,23.5000,Fairway,8.5035,5,5.9202,1,2026-05-19T06:16:46.8412730+02:00
roll,18,Green,20.0,500,26.637,228.8104,7.2491,23.5000,237.3130,7.7022,23.5000,Fairway,8.5026,5,5.9195,2,2026-05-19T06:16:47.1893460+02:00
roll,18,Green,20.0,2700,26.531,229.8647,7.3008,23.5000,238.3407,7.7740,23.5000,Fairway,8.4760,5,6.0195,1,2026-05-19T06:16:47.5222240+02:00
roll,18,Green,20.0,2700,26.530,229.9598,7.3059,23.5000,238.4341,7.7805,23.5000,Fairway,8.4743,5,6.0179,2,2026-05-19T06:16:47.8717520+02:00
roll,18,Green,25.0,500,30.781,230.7113,7.3472,23.5000,241.7824,8.0360,23.5000,Fairway,11.0711,5,6.7192,1,2026-05-19T06:16:48.2165900+02:00
roll,18,Green,25.0,500,30.780,230.8069,7.3510,23.5000,241.8736,8.0435,23.5000,Fairway,11.0667,5,6.7167,2,2026-05-19T06:16:48.5697150+02:00
roll,18,Green,25.0,2700,30.655,232.0584,7.3541,23.5000,242.8188,8.1207,23.5000,Fairway,10.7604,5,6.7372,1,2026-05-19T06:16:48.9562320+02:00
roll,18,Green,25.0,2700,30.656,232.1596,7.3531,23.5000,242.9086,8.1282,23.5000,Fairway,10.7490,5,6.7325,2,2026-05-19T06:16:49.3228710+02:00
roll,18,Tee,3.0,500,12.598,-222.3427,4.7261,-76.5000,-219.3843,4.6376,-76.5000,Fairway,2.9584,6,4.0566,1,2026-05-19T06:16:49.6774500+02:00
roll,18,Tee,3.0,500,12.598,-222.2427,4.7261,-76.5000,-219.2714,4.5979,-76.5000,Fairway,2.9713,6,4.0844,2,2026-05-19T06:16:50.0158330+02:00
roll,18,Tee,3.0,2700,12.600,-222.4151,4.7261,-76.5000,-219.5326,4.6886,-76.5000,Fairway,2.8825,6,4.0789,1,2026-05-19T06:16:50.3533390+02:00
roll,18,Tee,3.0,2700,12.600,-222.3151,4.7261,-76.5000,-219.4875,4.6716,-76.5000,Fairway,2.8276,6,4.0243,2,2026-05-19T06:16:50.6877870+02:00
roll,18,Tee,6.0,500,13.693,-219.8432,4.7261,-76.5000,-214.1441,4.0815,-76.5000,Fairway,5.6991,6,3.9965,1,2026-05-19T06:16:51.0164890+02:00
roll,18,Tee,6.0,500,13.693,-219.7432,4.7261,-76.5000,-213.9852,4.0744,-76.5000,Fairway,5.7580,5,4.5123,2,2026-05-19T06:16:51.3489040+02:00
roll,18,Tee,6.0,2700,13.696,-219.9244,4.7261,-76.5000,-214.2336,4.0853,-76.5000,Fairway,5.6908,5,4.4645,1,2026-05-19T06:16:51.6907790+02:00
roll,18,Tee,6.0,2700,13.696,-219.8244,4.7261,-76.5000,-214.1819,4.0829,-76.5000,Fairway,5.6425,6,3.9981,2,2026-05-19T06:16:52.0135210+02:00
roll,18,Tee,9.0,500,15.581,-217.6463,4.2102,-76.5000,-211.1645,3.9470,-76.5000,Fairway,6.4818,5,4.9789,1,2026-05-19T06:16:52.3546140+02:00
roll,18,Tee,9.0,500,15.584,-217.5434,4.2056,-76.5000,-211.0607,3.9420,-76.5000,Fairway,6.4827,5,4.9800,2,2026-05-19T06:16:52.7327470+02:00
roll,18,Tee,9.0,2700,15.582,-217.6628,4.2102,-76.5000,-211.1180,3.9447,-76.5000,Fairway,6.5448,5,5.0244,1,2026-05-19T06:16:53.0696580+02:00
roll,18,Tee,9.0,2700,15.584,-217.5601,4.2059,-76.5000,-211.0144,3.9402,-76.5000,Fairway,6.5457,5,5.0210,2,2026-05-19T06:16:53.4104880+02:00
roll,18,Tee,12.0,500,17.623,-216.1094,4.1447,-76.5000,-206.0923,4.1021,-76.5000,Tee,10.0170,6,8.7175,1,2026-05-19T06:16:53.7474480+02:00
roll,18,Tee,12.0,500,17.625,-216.0056,4.1403,-76.5000,-205.9927,4.1021,-76.5000,Tee,10.0130,6,8.7162,2,2026-05-19T06:16:54.0919520+02:00
roll,18,Tee,12.0,2700,17.609,-215.8679,4.1337,-76.5000,-205.7270,4.1021,-76.5000,Tee,10.1409,6,8.8589,1,2026-05-19T06:16:54.4381920+02:00
roll,18,Tee,12.0,2700,17.610,-215.7643,4.1292,-76.5000,-205.6274,4.1021,-76.5000,Tee,10.1368,6,8.8577,2,2026-05-19T06:16:54.8105860+02:00
roll,18,Tee,15.0,500,20.082,-214.9131,4.0911,-76.5000,-202.7145,4.0154,-76.5000,Fairway,12.1987,6,5.5099,1,2026-05-19T06:16:55.1386940+02:00
roll,18,Tee,15.0,500,20.083,-214.8088,4.0867,-76.5000,-202.5952,3.9946,-76.5000,Fairway,12.2137,6,5.5295,2,2026-05-19T06:16:55.4766120+02:00
roll,18,Tee,15.0,2700,20.051,-214.5104,4.0735,-76.5000,-202.2141,3.9208,-76.5000,Fairway,12.2963,6,5.6584,1,2026-05-19T06:16:55.8160490+02:00
roll,18,Tee,15.0,2700,20.052,-214.4056,4.0693,-76.5000,-202.0906,3.8968,-76.5000,Fairway,12.3151,6,5.6802,2,2026-05-19T06:16:56.1711060+02:00
roll,18,Tee,20.0,500,24.944,-213.4516,4.0265,-76.5000,-196.1050,3.2220,-76.5000,Fairway,17.3466,6,5.1843,1,2026-05-19T06:16:56.5146410+02:00
roll,18,Tee,20.0,500,24.945,-213.3464,4.0218,-76.5000,-195.9978,3.2167,-76.5000,Fairway,17.3486,6,5.1849,2,2026-05-19T06:16:56.8653940+02:00
roll,18,Tee,20.0,2700,24.907,-212.9671,4.0047,-76.5000,-195.7132,3.2028,-76.5000,Fairway,17.2539,6,5.2116,1,2026-05-19T06:16:57.1898480+02:00
roll,18,Tee,20.0,2700,24.908,-212.8613,3.9999,-76.5000,-195.6057,3.1977,-76.5000,Fairway,17.2556,6,5.2117,2,2026-05-19T06:16:57.5700200+02:00
roll,18,Tee,25.0,500,29.828,-212.5185,3.9861,-76.5000,-188.9443,2.8799,-76.5000,Fairway,23.5743,6,6.1705,1,2026-05-19T06:16:57.9173010+02:00
roll,18,Tee,25.0,500,29.829,-212.4121,3.9813,-76.5000,-188.8386,2.8750,-76.5000,Fairway,23.5736,6,6.1697,2,2026-05-19T06:16:58.2624410+02:00
roll,18,Tee,25.0,2700,29.783,-211.9981,3.9608,-76.5000,-188.6870,2.8678,-76.5000,Fairway,23.3111,6,6.1780,1,2026-05-19T06:16:58.5909360+02:00
roll,18,Tee,25.0,2700,29.783,-211.8916,3.9564,-76.5000,-188.5786,2.8629,-76.5000,Fairway,23.3130,6,6.1783,2,2026-05-19T06:16:58.9492330+02:00
roll,18,Sand,3.0,500,13.912,-73.8649,5.8348,31.5000,-73.6834,5.8677,31.5000,Sand,0.1815,2,1.7672,1,2026-05-19T06:16:59.3249360+02:00
roll,18,Sand,3.0,500,13.908,-73.7662,5.8413,31.5000,-73.5851,5.8760,31.5000,Sand,0.1811,2,1.7658,2,2026-05-19T06:16:59.6532370+02:00
roll,18,Sand,3.0,2700,13.917,-73.9549,5.8295,31.5000,-73.7789,5.8616,31.5000,Sand,0.1760,2,1.7657,1,2026-05-19T06:16:59.9790210+02:00
roll,18,Sand,3.0,2700,13.913,-73.8562,5.8360,31.5000,-73.6803,5.8679,31.5000,Sand,0.1759,2,1.7652,2,2026-05-19T06:17:00.3046010+02:00
roll,18,Sand,6.0,500,14.656,-71.0986,6.2255,31.5000,-70.7853,6.3304,31.5000,Sand,0.3133,2,1.5589,1,2026-05-19T06:17:00.6341730+02:00
roll,18,Sand,6.0,500,14.645,-71.0069,6.2487,31.5000,-70.6954,6.3564,31.5000,Sand,0.3115,2,1.5551,2,2026-05-19T06:17:00.9615990+02:00
roll,18,Sand,6.0,2700,14.667,-71.1810,6.2102,31.5000,-70.8643,6.3074,31.5000,Sand,0.3167,2,1.5607,1,2026-05-19T06:17:01.2921730+02:00
roll,18,Sand,6.0,2700,14.658,-71.0878,6.2280,31.5000,-70.7755,6.3332,31.5000,Sand,0.3123,2,1.5543,2,2026-05-19T06:17:01.6139800+02:00
roll,18,Sand,9.0,500,15.960,-69.1477,6.6256,31.5000,-68.6312,6.6566,31.5000,Sand,0.5166,2,1.4543,1,2026-05-19T06:17:01.9439920+02:00
roll,18,Sand,9.0,500,15.959,-69.0489,6.6276,31.5000,-68.5324,6.6585,31.5000,Sand,0.5166,2,1.4541,2,2026-05-19T06:17:02.2707630+02:00
roll,18,Sand,9.0,2700,15.960,-69.1530,6.6250,31.5000,-68.6310,6.6566,31.5000,Sand,0.5219,2,1.4500,1,2026-05-19T06:17:02.6036640+02:00
roll,18,Sand,9.0,2700,15.959,-69.0542,6.6270,31.5000,-68.5323,6.6585,31.5000,Sand,0.5219,2,1.4498,2,2026-05-19T06:17:02.9357770+02:00
roll,18,Sand,12.0,500,17.899,-67.5416,6.6430,31.5000,-58.7758,6.7431,31.5000,Fairway,8.7658,5,5.9928,1,2026-05-19T06:17:03.2782020+02:00
roll,18,Sand,12.0,500,17.899,-67.4422,6.6437,31.5000,-58.6770,6.7441,31.5000,Fairway,8.7652,5,5.9922,2,2026-05-19T06:17:03.6200110+02:00
roll,18,Sand,12.0,2700,17.877,-67.2784,6.6449,31.5000,-58.3917,6.7469,31.5000,Fairway,8.8868,5,6.0926,1,2026-05-19T06:17:03.9606260+02:00
roll,18,Sand,12.0,2700,17.877,-67.1791,6.6458,31.5000,-58.2927,6.7481,31.5000,Fairway,8.8865,5,6.0927,2,2026-05-19T06:17:04.2924450+02:00
roll,18,Sand,15.0,500,20.289,-66.2952,6.6524,31.5000,-54.8168,6.7855,31.5000,Fairway,11.4784,5,6.8792,1,2026-05-19T06:17:04.6234550+02:00
roll,18,Sand,15.0,500,20.289,-66.1960,6.6533,31.5000,-54.7182,6.7865,31.5000,Fairway,11.4778,5,6.8789,2,2026-05-19T06:17:04.9567650+02:00
roll,18,Sand,15.0,2700,20.249,-65.8713,6.6558,31.5000,-54.3507,6.7907,31.5000,Fairway,11.5205,5,6.9568,1,2026-05-19T06:17:05.2881560+02:00
roll,18,Sand,15.0,2700,20.248,-65.7719,6.6565,31.5000,-54.2519,6.7918,31.5000,Fairway,11.5201,5,6.9569,2,2026-05-19T06:17:05.6373720+02:00
roll,18,Sand,20.0,500,25.071,-64.7838,6.6647,31.5000,-48.4657,6.5221,31.5000,Fairway,16.3182,7,4.3319,1,2026-05-19T06:17:05.9649120+02:00
roll,18,Sand,20.0,500,25.071,-64.6848,6.6656,31.5000,-48.2094,6.4624,31.5000,Fairway,16.4754,7,4.3140,2,2026-05-19T06:17:06.3021530+02:00
roll,18,Sand,20.0,2700,25.025,-64.2836,6.6694,31.5000,-47.8379,6.4665,31.5000,Fairway,16.4457,6,5.2762,1,2026-05-19T06:17:06.6432410+02:00
roll,18,Sand,20.0,2700,25.025,-64.1847,6.6703,31.5000,-47.7389,6.4677,31.5000,Fairway,16.4459,6,5.2754,2,2026-05-19T06:17:06.9886070+02:00
roll,18,Sand,25.0,500,29.892,-63.8287,6.6730,31.5000,-41.3886,6.5456,31.5000,Fairway,22.4400,6,5.8915,1,2026-05-19T06:17:07.3251470+02:00
roll,18,Sand,25.0,500,29.892,-63.7297,6.6738,31.5000,-41.2900,6.5470,31.5000,Fairway,22.4398,6,5.8922,2,2026-05-19T06:17:07.6781290+02:00
roll,18,Sand,25.0,2700,29.839,-63.2977,6.6781,31.5000,-40.4117,6.5581,31.5000,Fairway,22.8859,5,9.1453,1,2026-05-19T06:17:08.0271100+02:00
roll,18,Sand,25.0,2700,29.839,-63.1989,6.6791,31.5000,-40.3135,6.5593,31.5000,Fairway,22.8854,5,9.1451,2,2026-05-19T06:17:08.3979320+02:00
roll,18,CartPath,3.0,500,16.347,-260.9421,9.2261,-40.5000,-255.8737,8.8851,-40.5000,OOB,5.0683,1,3.8900,1,2026-05-19T06:17:08.7354110+02:00
roll,18,CartPath,3.0,500,16.350,-260.8409,9.2198,-40.5000,-255.7718,8.8784,-40.5000,OOB,5.0691,1,3.8907,2,2026-05-19T06:17:09.0639440+02:00
roll,18,CartPath,3.0,2700,16.345,-261.0357,9.2322,-40.5000,-255.7973,8.8799,-40.5000,OOB,5.2384,1,3.8846,1,2026-05-19T06:17:09.3855250+02:00
roll,18,CartPath,3.0,2700,16.348,-260.9345,9.2251,-40.5000,-255.6950,8.8739,-40.5000,OOB,5.2395,1,3.8853,2,2026-05-19T06:17:09.7122850+02:00
roll,18,CartPath,6.0,500,17.204,-257.1182,8.9646,-40.5000,-257.1182,8.9646,-40.5000,OOB,0.0000,0,1.5029,1,2026-05-19T06:17:10.0283450+02:00
roll,18,CartPath,6.0,500,17.207,-257.0160,8.9583,-40.5000,-257.0160,8.9583,-40.5000,OOB,0.0000,0,1.5033,2,2026-05-19T06:17:10.3452410+02:00
roll,18,CartPath,6.0,2700,17.203,-257.1707,8.9683,-40.5000,-257.1707,8.9683,-40.5000,OOB,0.0000,0,1.4989,1,2026-05-19T06:17:10.6617750+02:00
roll,18,CartPath,6.0,2700,17.206,-257.0682,8.9615,-40.5000,-257.0682,8.9615,-40.5000,OOB,0.0000,0,1.4993,2,2026-05-19T06:17:10.9810190+02:00
roll,18,CartPath,9.0,500,18.448,-253.9633,8.7632,-40.5000,-253.9633,8.7632,-40.5000,OOB,0.0000,0,1.3886,1,2026-05-19T06:17:11.3012290+02:00
roll,18,CartPath,9.0,500,18.450,-253.8605,8.7574,-40.5000,-253.8605,8.7574,-40.5000,OOB,0.0000,0,1.3889,2,2026-05-19T06:17:11.6191660+02:00
roll,18,CartPath,9.0,2700,18.442,-253.8180,8.7540,-40.5000,-253.8180,8.7540,-40.5000,OOB,0.0000,0,1.3920,1,2026-05-19T06:17:11.9406270+02:00
roll,18,CartPath,9.0,2700,18.444,-253.7147,8.7480,-40.5000,-253.7147,8.7480,-40.5000,OOB,0.0000,0,1.3924,2,2026-05-19T06:17:12.2565940+02:00
roll,18,CartPath,12.0,500,20.082,-251.3498,8.6050,-40.5000,-251.3498,8.6050,-40.5000,OOB,0.0000,0,1.2829,1,2026-05-19T06:17:12.5732260+02:00
roll,18,CartPath,12.0,500,20.084,-251.2459,8.5961,-40.5000,-251.2459,8.5961,-40.5000,OOB,0.0000,0,1.2832,2,2026-05-19T06:17:12.8993190+02:00
roll,18,CartPath,12.0,2700,20.052,-250.7388,8.5681,-40.5000,-250.7388,8.5681,-40.5000,OOB,0.0000,0,1.3071,1,2026-05-19T06:17:13.2285700+02:00
roll,18,CartPath,12.0,2700,20.054,-250.6347,8.5623,-40.5000,-250.6347,8.5623,-40.5000,OOB,0.0000,0,1.3075,2,2026-05-19T06:17:13.5471570+02:00
roll,18,CartPath,15.0,500,22.201,-249.1411,8.4755,-40.5000,-249.1411,8.4755,-40.5000,OOB,0.0000,0,1.1817,1,2026-05-19T06:17:13.8799450+02:00
roll,18,CartPath,15.0,500,22.203,-249.0366,8.4699,-40.5000,-249.0366,8.4699,-40.5000,OOB,0.0000,0,1.1820,2,2026-05-19T06:17:14.1997490+02:00
roll,18,CartPath,15.0,2700,22.146,-248.2234,8.4228,-40.5000,-248.2234,8.4228,-40.5000,OOB,0.0000,0,1.2168,1,2026-05-19T06:17:14.5324400+02:00
roll,18,CartPath,15.0,2700,22.148,-248.1189,8.4174,-40.5000,-248.1189,8.4174,-40.5000,OOB,0.0000,0,1.2172,2,2026-05-19T06:17:14.8562310+02:00
roll,18,CartPath,20.0,500,26.441,-246.1728,8.3156,-40.5000,-246.1728,8.3156,-40.5000,OOB,0.0000,0,1.0282,1,2026-05-19T06:17:15.1865010+02:00
roll,18,CartPath,20.0,500,26.442,-246.0678,8.3105,-40.5000,-246.0678,8.3105,-40.5000,OOB,0.0000,0,1.0284,2,2026-05-19T06:17:15.5486530+02:00
roll,18,CartPath,20.0,2700,26.364,-244.9996,8.2533,-40.5000,-244.9996,8.2533,-40.5000,OOB,0.0000,0,1.0666,1,2026-05-19T06:17:15.8955320+02:00
roll,18,CartPath,20.0,2700,26.365,-244.8943,8.2480,-40.5000,-244.8943,8.2480,-40.5000,OOB,0.0000,0,1.0669,2,2026-05-19T06:17:16.2341950+02:00
roll,18,CartPath,25.0,500,30.689,-244.1010,8.2090,-40.5000,-244.1010,8.2090,-40.5000,OOB,0.0000,0,0.9085,1,2026-05-19T06:17:16.5831410+02:00
roll,18,CartPath,25.0,500,30.690,-243.9950,8.2041,-40.5000,-243.9950,8.2041,-40.5000,OOB,0.0000,0,0.9088,2,2026-05-19T06:17:16.9272460+02:00
roll,18,CartPath,25.0,2700,30.579,-242.7596,8.1469,-40.5000,-242.7596,8.1469,-40.5000,OOB,0.0000,0,0.9467,1,2026-05-19T06:17:17.2577130+02:00
roll,18,CartPath,25.0,2700,30.580,-242.6541,8.1427,-40.5000,-242.6541,8.1427,-40.5000,OOB,0.0000,0,0.9469,2,2026-05-19T06:17:17.5976140+02:00
putt,18,Green,0.5,0,0.190,208.2600,21.0976,23.5000,209.1532,6.4561,23.5000,Green,0.8932,0,4.9363,1,2026-05-19T06:17:17.9720760+02:00
putt,18,Green,0.5,0,0.190,208.2600,21.0976,23.5000,209.1532,6.4561,23.5000,Green,0.8932,0,4.9363,2,2026-05-19T06:17:18.2941270+02:00
putt,18,Green,0.5,0,0.190,208.2600,21.0976,23.5000,209.1532,6.4561,23.5000,Green,0.8932,0,4.9363,3,2026-05-19T06:17:18.6258270+02:00
putt,18,Green,1.0,0,0.692,208.2600,21.0976,23.5000,210.1434,6.4967,23.5000,Green,1.8834,0,6.3151,1,2026-05-19T06:17:18.9735380+02:00
putt,18,Green,1.0,0,0.692,208.2600,21.0976,23.5000,210.1434,6.4967,23.5000,Green,1.8834,0,6.3151,2,2026-05-19T06:17:19.3182400+02:00
putt,18,Green,1.0,0,0.692,208.2600,21.0976,23.5000,210.1434,6.4967,23.5000,Green,1.8834,0,6.3151,3,2026-05-19T06:17:19.6586070+02:00
putt,18,Green,1.8,0,1.519,208.2600,21.0976,23.5000,211.7933,6.5627,23.5000,Green,3.5333,0,7.5190,1,2026-05-19T06:17:20.0033920+02:00
putt,18,Green,1.8,0,1.519,208.2600,21.0976,23.5000,211.7933,6.5627,23.5000,Green,3.5333,0,7.5190,2,2026-05-19T06:17:20.3431660+02:00
putt,18,Green,1.8,0,1.519,208.2600,21.0976,23.5000,211.7933,6.5627,23.5000,Green,3.5333,0,7.5190,3,2026-05-19T06:17:20.6871930+02:00
putt,18,Green,2.5,0,2.201,208.2600,21.0976,23.5000,213.1274,6.6155,23.5000,Green,4.8674,0,8.1397,1,2026-05-19T06:17:21.0364360+02:00
putt,18,Green,2.5,0,2.201,208.2600,21.0976,23.5000,213.1274,6.6155,23.5000,Green,4.8674,0,8.1397,2,2026-05-19T06:17:21.3800210+02:00
putt,18,Green,2.5,0,2.201,208.2600,21.0976,23.5000,213.1274,6.6155,23.5000,Green,4.8674,0,8.1397,3,2026-05-19T06:17:21.7224680+02:00
putt,18,Green,3.5,0,3.193,208.2600,21.0976,23.5000,215.1196,6.6932,23.5000,Green,6.8596,0,8.8145,1,2026-05-19T06:17:22.0678300+02:00
putt,18,Green,3.5,0,3.193,208.2600,21.0976,23.5000,215.1196,6.6932,23.5000,Green,6.8596,0,8.8145,2,2026-05-19T06:17:22.4138230+02:00
putt,18,Green,3.5,0,3.193,208.2600,21.0976,23.5000,215.1196,6.6932,23.5000,Green,6.8596,0,8.8145,3,2026-05-19T06:17:22.7644850+02:00
putt,18,Green,5.0,0,4.697,208.2600,21.0976,23.5000,218.1096,6.8096,23.5000,Green,9.8496,0,9.5268,1,2026-05-19T06:17:23.1133420+02:00
putt,18,Green,5.0,0,4.697,208.2600,21.0976,23.5000,218.1096,6.8096,23.5000,Green,9.8496,0,9.5268,2,2026-05-19T06:17:23.4683180+02:00
putt,18,Green,5.0,0,4.697,208.2600,21.0976,23.5000,218.1096,6.8096,23.5000,Green,9.8496,0,9.5268,3,2026-05-19T06:17:23.8110060+02:00
putt,18,Green,7.0,0,6.700,208.2600,21.0976,23.5000,222.0971,6.9682,23.5000,Green,13.8371,0,10.1975,1,2026-05-19T06:17:24.1580720+02:00
putt,18,Green,7.0,0,6.700,208.2600,21.0976,23.5000,222.0971,6.9682,23.5000,Green,13.8371,0,10.1975,2,2026-05-19T06:17:24.5041910+02:00
putt,18,Green,7.0,0,6.700,208.2600,21.0976,23.5000,222.0971,6.9682,23.5000,Green,13.8371,0,10.1975,3,2026-05-19T06:17:24.8435700+02:00
putt,18,Fairway,0.5,0,0.500,-297.7400,5.7747,-130.5000,-294.1050,-1257.1550,-130.5000,Fairway,3.6350,0,30.0010,1,2026-05-19T06:17:25.1785880+02:00
putt,18,Fairway,0.5,0,0.500,-297.7400,5.7747,-130.5000,-294.1050,-1257.1550,-130.5000,Fairway,3.6350,0,30.0010,2,2026-05-19T06:17:25.5161320+02:00
putt,18,Fairway,0.5,0,0.500,-297.7400,5.7747,-130.5000,-294.1050,-1257.1550,-130.5000,Fairway,3.6350,0,30.0010,3,2026-05-19T06:17:25.8478980+02:00
putt,18,Fairway,1.0,0,1.000,-297.7400,5.7747,-130.5000,-290.6072,-1257.1290,-130.5000,Fairway,7.1328,0,30.0010,1,2026-05-19T06:17:26.1832820+02:00
putt,18,Fairway,1.0,0,1.000,-297.7400,5.7747,-130.5000,-290.6072,-1257.1290,-130.5000,Fairway,7.1328,0,30.0010,2,2026-05-19T06:17:26.5173460+02:00
putt,18,Fairway,1.0,0,1.000,-297.7400,5.7747,-130.5000,-290.6072,-1257.1290,-130.5000,Fairway,7.1328,0,30.0010,3,2026-05-19T06:17:26.8490310+02:00
putt,18,Fairway,1.8,0,1.830,-297.7400,5.7747,-130.5000,-284.8259,-1257.0730,-130.5000,Fairway,12.9141,0,30.0010,1,2026-05-19T06:17:27.1823460+02:00
putt,18,Fairway,1.8,0,1.830,-297.7400,5.7747,-130.5000,-284.8259,-1257.0730,-130.5000,Fairway,12.9141,0,30.0010,2,2026-05-19T06:17:27.5151350+02:00
putt,18,Fairway,1.8,0,1.830,-297.7400,5.7747,-130.5000,-284.8259,-1257.0730,-130.5000,Fairway,12.9141,0,30.0010,3,2026-05-19T06:17:27.8479120+02:00
putt,18,Fairway,2.5,0,2.500,-297.7400,5.7747,-130.5000,-280.1846,-1256.9820,-130.5000,Fairway,17.5554,0,30.0010,1,2026-05-19T06:17:28.1820890+02:00
putt,18,Fairway,2.5,0,2.500,-297.7400,5.7747,-130.5000,-280.1846,-1256.9820,-130.5000,Fairway,17.5554,0,30.0010,2,2026-05-19T06:17:28.5166630+02:00
putt,18,Fairway,2.5,0,2.500,-297.7400,5.7747,-130.5000,-280.1846,-1256.9820,-130.5000,Fairway,17.5554,0,30.0010,3,2026-05-19T06:17:28.8513050+02:00
putt,18,Fairway,3.5,0,3.500,-297.7400,5.7747,-130.5000,-273.3354,-1256.8070,-130.5000,Fairway,24.4045,0,30.0010,1,2026-05-19T06:17:29.1841410+02:00
putt,18,Fairway,3.5,0,3.500,-297.7400,5.7747,-130.5000,-273.3354,-1256.8070,-130.5000,Fairway,24.4045,0,30.0010,2,2026-05-19T06:17:29.5166610+02:00
putt,18,Fairway,3.5,0,3.500,-297.7400,5.7747,-130.5000,-273.3354,-1256.8070,-130.5000,Fairway,24.4045,0,30.0010,3,2026-05-19T06:17:29.8514710+02:00
putt,18,Fairway,5.0,0,5.000,-297.7400,5.7747,-130.5000,-263.2517,-1256.4680,-130.5000,Fairway,34.4883,0,30.0010,1,2026-05-19T06:17:30.1827440+02:00
putt,18,Fairway,5.0,0,5.000,-297.7400,5.7747,-130.5000,-263.2517,-1256.4680,-130.5000,Fairway,34.4883,0,30.0010,2,2026-05-19T06:17:30.5213280+02:00
putt,18,Fairway,5.0,0,5.000,-297.7400,5.7747,-130.5000,-263.2517,-1256.4680,-130.5000,Fairway,34.4883,0,30.0010,3,2026-05-19T06:17:30.8537690+02:00
putt,18,Fairway,7.0,0,7.000,-297.7400,5.7747,-130.5000,-250.1779,-1255.9260,-130.5000,Fairway,47.5621,0,30.0010,1,2026-05-19T06:17:31.1881140+02:00
putt,18,Fairway,7.0,0,7.000,-297.7400,5.7747,-130.5000,-250.1779,-1255.9260,-130.5000,Fairway,47.5621,0,30.0010,2,2026-05-19T06:17:31.5210640+02:00
putt,18,Fairway,7.0,0,7.000,-297.7400,5.7747,-130.5000,-250.1779,-1255.9260,-130.5000,Fairway,47.5621,0,30.0010,3,2026-05-19T06:17:31.8541210+02:00
